DESCRICAO DA CLASSE,SIGLA DA CLASSE,DESCRICAO DO TIPO 1,SIGLA DO TIPO 1,CODIGO DO AGRUPADOR,DESCRICAO DO AGRUPADOR,CODIGO DA COMPOSICAO,DESCRICAO DA COMPOSICAO,UNIDADE,ORIGEM DE PREÇO,CUSTO TOTAL,TIPO ITEM,CODIGO ITEM,DESCRIÇÃO ITEM,UNIDADE ITEM,ORIGEM DE PREÇO ITEM,COEFICIENTE,PRECO UNITARIO,CUSTO TOTAL2,CUSTO MAO DE OBRA,% MAO DE OBRA,CUSTO MATERIAL,% MATERIAL,CUSTO EQUIPAMENTO,% EQUIPAMENTO,CUSTO SERVICOS TERCEIROS,% SERVICOS TERCEIROS,CUSTO OUTROS,% OUTROS,% ATRIBUÍDO SÃO PAULO,VINCULO
PAREDES/PAINEIS,PARE,ALVENARIA DE TIJOLOS CERAMICOS,63,,,87473,ALVENARIA DE VEDAÇÃO DE BLOCOS CERÂMICOS FURADOS NA VERTICAL DE 14X19X39CM (ESPESSURA 14CM) DE PAREDES COM ÁREA LÍQUIDA MENOR QUE 6M² SEM VÃOS E ARGAMASSA DE ASSENTAMENTO COM PREPARO EM BETONEIRA. AF_06/2014,M2,COEFICIENTE DE REPRESENTATIVIDADE,"47,68",,,,,,,,,"17,75","37,2425388","29,92","62,7364440","0,00","0,0000000","0,00","0,0000000","0,01","0,0210172",0.00%,CAIXA REFERENCIAL
PAREDES/PAINEIS,PARE,ALVENARIA DE TIJOLOS CERAMICOS,63,,,87473,ALVENARIA DE VEDAÇÃO DE BLOCOS CERÂMICOS FURADOS NA VERTICAL DE 14X19X39CM (ESPESSURA 14CM) DE PAREDES COM ÁREA LÍQUIDA MENOR QUE 6M² SEM VÃOS E ARGAMASSA DE ASSENTAMENTO COM PREPARO EM BETONEIRA. AF_06/2014,M2,COEFICIENTE DE REPRESENTATIVIDADE,"47,68",INSUMO,34547,"TELA DE ACO SOLDADA GALVANIZADA/ZINCADA PARA ALVENARIA, FIO  D = *1,20 A 1,70* MM, MALHA 15 X 15 MM, (C X L) *50 X 12* CM",M,COEFICIENTE DE REPRESENTATIVIDADE,"0,7850000","3,04","2,38",,,,,,,,,,,,CAIXA REFERENCIAL
PAREDES/PAINEIS,PARE,ALVENARIA DE TIJOLOS CERAMICOS,63,,,87473,ALVENARIA DE VEDAÇÃO DE BLOCOS CERÂMICOS FURADOS NA VERTICAL DE 14X19X39CM (ESPESSURA 14CM) DE PAREDES COM ÁREA LÍQUIDA MENOR QUE 6M² SEM VÃOS E ARGAMASSA DE ASSENTAMENTO COM PREPARO EM BETONEIRA. AF_06/2014,M2,COEFICIENTE DE REPRESENTATIVIDADE,"47,68",INSUMO,37395,"PINO DE ACO COM FURO, HASTE = 27 MM (ACAO DIRETA)",CENTO,COEFICIENTE DE REPRESENTATIVIDADE,"0,0189000","44,29","0,83",,,,,,,,,,,,CAIXA REFERENCIAL
PAREDES/PAINEIS,PARE,ALVENARIA DE TIJOLOS CERAMICOS,63,,,87473,ALVENARIA DE VEDAÇÃO DE BLOCOS CERÂMICOS FURADOS NA VERTICAL DE 14X19X39CM (ESPESSURA 14CM) DE PAREDES COM ÁREA LÍQUIDA MENOR QUE 6M² SEM VÃOS E ARGAMASSA DE ASSENTAMENTO COM PREPARO EM BETONEIRA. AF_06/2014,M2,COEFICIENTE DE REPRESENTATIVIDADE,"47,68",INSUMO,37593,"BLOCO CERAMICO DE VEDACAO COM FUROS NA VERTICAL, 14 X 19 X 39 CM - 4,5 MPA (NBR 15270)",UN,COEFICIENTE DE REPRESENTATIVIDADE,"13,3500000","1,42","18,95",,,,,,,,,,,,CAIXA REFERENCIAL
PAREDES/PAINEIS,PARE,ALVENARIA DE TIJOLOS CERAMICOS,63,,,87473,ALVENARIA DE VEDAÇÃO DE BLOCOS CERÂMICOS FURADOS NA VERTICAL DE 14X19X39CM (ESPESSURA 14CM) DE PAREDES COM ÁREA LÍQUIDA MENOR QUE 6M² SEM VÃOS E ARGAMASSA DE ASSENTAMENTO COM PREPARO EM BETONEIRA. AF_06/2014,M2,COEFICIENTE DE REPRESENTATIVIDADE,"47,68",COMPOSICAO,87292,"ARGAMASSA TRAÇO 1:2:8 (EM VOLUME DE CIMENTO, CAL E AREIA MÉDIA ÚMIDA) PARA EMBOÇO/MASSA ÚNICA/ASSENTAMENTO DE ALVENARIA DE VEDAÇÃO, PREPARO MECÂNICO COM BETONEIRA 400 L. AF_08/2019",M3,COEFICIENTE DE REPRESENTATIVIDADE,"0,0118000","336,54","3,97",,,,,,,,,,,,CAIXA REFERENCIAL
PAREDES/PAINEIS,PARE,ALVENARIA DE TIJOLOS CERAMICOS,63,,,87473,ALVENARIA DE VEDAÇÃO DE BLOCOS CERÂMICOS FURADOS NA VERTICAL DE 14X19X39CM (ESPESSURA 14CM) DE PAREDES COM ÁREA LÍQUIDA MENOR QUE 6M² SEM VÃOS E ARGAMASSA DE ASSENTAMENTO COM PREPARO EM BETONEIRA. AF_06/2014,M2,COEFICIENTE DE REPRESENTATIVIDADE,"47,68",COMPOSICAO,88309,PEDREIRO COM ENCARGOS COMPLEMENTARES,H,COLETADO,"0,8600000","18,46","15,87",,,,,,,,,,,,CAIXA REFERENCIAL
PAREDES/PAINEIS,PARE,ALVENARIA DE TIJOLOS CERAMICOS,63,,,87473,ALVENARIA DE VEDAÇÃO DE BLOCOS CERÂMICOS FURADOS NA VERTICAL DE 14X19X39CM (ESPESSURA 14CM) DE PAREDES COM ÁREA LÍQUIDA MENOR QUE 6M² SEM VÃOS E ARGAMASSA DE ASSENTAMENTO COM PREPARO EM BETONEIRA. AF_06/2014,M2,COEFICIENTE DE REPRESENTATIVIDADE,"47,68",COMPOSICAO,88316,SERVENTE COM ENCARGOS COMPLEMENTARES,H,COLETADO,"0,4300000","13,23","5,68",,,,,,,,,,,,CAIXA REFERENCIAL
SERVICOS DIVERSOS,SEDI,ARGAMASSAS,210,,,87292,"ARGAMASSA TRAÇO 1:2:8 (EM VOLUME DE CIMENTO, CAL E AREIA MÉDIA ÚMIDA) PARA EMBOÇO/MASSA ÚNICA/ASSENTAMENTO DE ALVENARIA DE VEDAÇÃO, PREPARO MECÂNICO COM BETONEIRA 400 L. AF_08/2019",M3,COEFICIENTE DE REPRESENTATIVIDADE,"336,54",,,,,,,,,"56,65","16,8350668","277,35","82,4101042","1,33","0,3952451","0,00","0,0000000","1,21","0,3595839",0.00%,CAIXA REFERENCIAL
SERVICOS DIVERSOS,SEDI,ARGAMASSAS,210,,,87292,"ARGAMASSA TRAÇO 1:2:8 (EM VOLUME DE CIMENTO, CAL E AREIA MÉDIA ÚMIDA) PARA EMBOÇO/MASSA ÚNICA/ASSENTAMENTO DE ALVENARIA DE VEDAÇÃO, PREPARO MECÂNICO COM BETONEIRA 400 L. AF_08/2019",M3,COEFICIENTE DE REPRESENTATIVIDADE,"336,54",INSUMO,370,"AREIA MEDIA - POSTO JAZIDA/FORNECEDOR (RETIRADO NA JAZIDA, SEM TRANSPORTE)",M3,COLETADO,"1,1600000","66,67","77,33",,,,,,,,,,,,CAIXA REFERENCIAL
SERVICOS DIVERSOS,SEDI,ARGAMASSAS,210,,,87292,"ARGAMASSA TRAÇO 1:2:8 (EM VOLUME DE CIMENTO, CAL E AREIA MÉDIA ÚMIDA) PARA EMBOÇO/MASSA ÚNICA/ASSENTAMENTO DE ALVENARIA DE VEDAÇÃO, PREPARO MECÂNICO COM BETONEIRA 400 L. AF_08/2019",M3,COEFICIENTE DE REPRESENTATIVIDADE,"336,54",INSUMO,1106,CAL HIDRATADA CH-I PARA ARGAMASSAS,KG,COLETADO,"174,1000000","0,64","111,42",,,,,,,,,,,,CAIXA REFERENCIAL
SERVICOS DIVERSOS,SEDI,ARGAMASSAS,210,,,87292,"ARGAMASSA TRAÇO 1:2:8 (EM VOLUME DE CIMENTO, CAL E AREIA MÉDIA ÚMIDA) PARA EMBOÇO/MASSA ÚNICA/ASSENTAMENTO DE ALVENARIA DE VEDAÇÃO, PREPARO MECÂNICO COM BETONEIRA 400 L. AF_08/2019",M3,COEFICIENTE DE REPRESENTATIVIDADE,"336,54",INSUMO,1379,CIMENTO PORTLAND COMPOSTO CP II-32,KG,COEFICIENTE DE REPRESENTATIVIDADE,"195,8600000","0,39","76,38",,,,,,,,,,,,CAIXA REFERENCIAL
SERVICOS DIVERSOS,SEDI,ARGAMASSAS,210,,,87292,"ARGAMASSA TRAÇO 1:2:8 (EM VOLUME DE CIMENTO, CAL E AREIA MÉDIA ÚMIDA) PARA EMBOÇO/MASSA ÚNICA/ASSENTAMENTO DE ALVENARIA DE VEDAÇÃO, PREPARO MECÂNICO COM BETONEIRA 400 L. AF_08/2019",M3,COEFICIENTE DE REPRESENTATIVIDADE,"336,54",COMPOSICAO,88377,OPERADOR DE BETONEIRA ESTACIONÁRIA/MISTURADOR COM ENCARGOS COMPLEMENTARES,H,COEFICIENTE DE REPRESENTATIVIDADE,"4,5000000","15,30","68,85",,,,,,,,,,,,CAIXA REFERENCIAL
SERVICOS DIVERSOS,SEDI,ARGAMASSAS,210,,,87292,"ARGAMASSA TRAÇO 1:2:8 (EM VOLUME DE CIMENTO, CAL E AREIA MÉDIA ÚMIDA) PARA EMBOÇO/MASSA ÚNICA/ASSENTAMENTO DE ALVENARIA DE VEDAÇÃO, PREPARO MECÂNICO COM BETONEIRA 400 L. AF_08/2019",M3,COEFICIENTE DE REPRESENTATIVIDADE,"336,54",COMPOSICAO,88830,"BETONEIRA CAPACIDADE NOMINAL DE 400 L, CAPACIDADE DE MISTURA 280 L, MOTOR ELÉTRICO TRIFÁSICO POTÊNCIA DE 2 CV, SEM CARREGADOR - CHP DIURNO. AF_10/2014",CHP,COEFICIENTE DE REPRESENTATIVIDADE,"1,0500000","1,62","1,70",,,,,,,,,,,,CAIXA REFERENCIAL
SERVICOS DIVERSOS,SEDI,ARGAMASSAS,210,,,87292,"ARGAMASSA TRAÇO 1:2:8 (EM VOLUME DE CIMENTO, CAL E AREIA MÉDIA ÚMIDA) PARA EMBOÇO/MASSA ÚNICA/ASSENTAMENTO DE ALVENARIA DE VEDAÇÃO, PREPARO MECÂNICO COM BETONEIRA 400 L. AF_08/2019",M3,COEFICIENTE DE REPRESENTATIVIDADE,"336,54",COMPOSICAO,88831,"BETONEIRA CAPACIDADE NOMINAL DE 400 L, CAPACIDADE DE MISTURA 280 L, MOTOR ELÉTRICO TRIFÁSICO POTÊNCIA DE 2 CV, SEM CARREGADOR - CHI DIURNO. AF_10/2014",CHI,COLETADO,"3,4500000","0,25","0,86",,,,,,,,,,,,CAIXA REFERENCIAL
SERVICOS DIVERSOS,SEDI,OUTROS,318,,,88377,OPERADOR DE BETONEIRA ESTACIONÁRIA/MISTURADOR COM ENCARGOS COMPLEMENTARES,H,COEFICIENTE DE REPRESENTATIVIDADE,"15,30",,,,,,,,,"12,59","82,2875817","2,71","17,7124183","0,00","0,0000000","0,00","0,0000000","0,00","0,0000000",0.00%,ENCARGOS COMPLEMENTARES REFERENCIAL
SERVICOS DIVERSOS,SEDI,OUTROS,318,,,88377,OPERADOR DE BETONEIRA ESTACIONÁRIA/MISTURADOR COM ENCARGOS COMPLEMENTARES,H,COEFICIENTE DE REPRESENTATIVIDADE,"15,30",INSUMO,37370,ALIMENTACAO - HORISTA (COLETADO CAIXA),H,COLETADO,"1,0000000","0,82","0,82",,,,,,,,,,,,ENCARGOS COMPLEMENTARES REFERENCIAL
SERVICOS DIVERSOS,SEDI,OUTROS,318,,,88377,OPERADOR DE BETONEIRA ESTACIONÁRIA/MISTURADOR COM ENCARGOS COMPLEMENTARES,H,COEFICIENTE DE REPRESENTATIVIDADE,"15,30",INSUMO,37371,TRANSPORTE - HORISTA (COLETADO CAIXA),H,COLETADO,"1,0000000","0,80","0,80",,,,,,,,,,,,ENCARGOS COMPLEMENTARES REFERENCIAL
SERVICOS DIVERSOS,SEDI,OUTROS,318,,,88377,OPERADOR DE BETONEIRA ESTACIONÁRIA/MISTURADOR COM ENCARGOS COMPLEMENTARES,H,COEFICIENTE DE REPRESENTATIVIDADE,"15,30",INSUMO,37372,EXAMES - HORISTA (COLETADO CAIXA),H,COLETADO,"1,0000000","0,35","0,35",,,,,,,,,,,,ENCARGOS COMPLEMENTARES REFERENCIAL
SERVICOS DIVERSOS,SEDI,OUTROS,318,,,88377,OPERADOR DE BETONEIRA ESTACIONÁRIA/MISTURADOR COM ENCARGOS COMPLEMENTARES,H,COEFICIENTE DE REPRESENTATIVIDADE,"15,30",INSUMO,37373,SEGURO - HORISTA (COLETADO CAIXA),H,COLETADO,"1,0000000","0,07","0,07",,,,,,,,,,,,ENCARGOS COMPLEMENTARES REFERENCIAL
SERVICOS DIVERSOS,SEDI,OUTROS,318,,,88377,OPERADOR DE BETONEIRA ESTACIONÁRIA/MISTURADOR COM ENCARGOS COMPLEMENTARES,H,COEFICIENTE DE REPRESENTATIVIDADE,"15,30",INSUMO,37666,OPERADOR DE BETONEIRA ESTACIONARIA / MISTURADOR,H,COEFICIENTE DE REPRESENTATIVIDADE,"1,0000000","12,52","12,52",,,,,,,,,,,,ENCARGOS COMPLEMENTARES REFERENCIAL
SERVICOS DIVERSOS,SEDI,OUTROS,318,,,88377,OPERADOR DE BETONEIRA ESTACIONÁRIA/MISTURADOR COM ENCARGOS COMPLEMENTARES,H,COEFICIENTE DE REPRESENTATIVIDADE,"15,30",INSUMO,43464,FERRAMENTAS - FAMILIA OPERADOR ESCAVADEIRA - HORISTA (ENCARGOS COMPLEMENTARES - COLETADO CAIXA),H,COLETADO,"1,0000000","0,01","0,01",,,,,,,,,,,,ENCARGOS COMPLEMENTARES REFERENCIAL
SERVICOS DIVERSOS,SEDI,OUTROS,318,,,88377,OPERADOR DE BETONEIRA ESTACIONÁRIA/MISTURADOR COM ENCARGOS COMPLEMENTARES,H,COEFICIENTE DE REPRESENTATIVIDADE,"15,30",INSUMO,43488,EPI - FAMILIA OPERADOR ESCAVADEIRA - HORISTA (ENCARGOS COMPLEMENTARES - COLETADO CAIXA),H,COLETADO,"1,0000000","0,66","0,66",,,,,,,,,,,,ENCARGOS COMPLEMENTARES REFERENCIAL
SERVICOS DIVERSOS,SEDI,OUTROS,318,,,88377,OPERADOR DE BETONEIRA ESTACIONÁRIA/MISTURADOR COM ENCARGOS COMPLEMENTARES,H,COEFICIENTE DE REPRESENTATIVIDADE,"15,30",COMPOSICAO,95389,CURSO DE CAPACITAÇÃO PARA OPERADOR DE BETONEIRA ESTACIONÁRIA/MISTURADOR (ENCARGOS COMPLEMENTARES) - HORISTA,H,COEFICIENTE DE REPRESENTATIVIDADE,"1,0000000","0,07","0,07",,,,,,,,,,,,ENCARGOS COMPLEMENTARES REFERENCIAL
SERVICOS DIVERSOS,SEDI,OUTROS,318,,,95389,CURSO DE CAPACITAÇÃO PARA OPERADOR DE BETONEIRA ESTACIONÁRIA/MISTURADOR (ENCARGOS COMPLEMENTARES) - HORISTA,H,COEFICIENTE DE REPRESENTATIVIDADE,"0,07",,,,,,,,,"0,07","100,0000000","0,00","0,0000000","0,00","0,0000000","0,00","0,0000000","0,00","0,0000000",0.00%,ENCARGOS COMPLEMENTARES REFERENCIAL
SERVICOS DIVERSOS,SEDI,OUTROS,318,,,95389,CURSO DE CAPACITAÇÃO PARA OPERADOR DE BETONEIRA ESTACIONÁRIA/MISTURADOR (ENCARGOS COMPLEMENTARES) - HORISTA,H,COEFICIENTE DE REPRESENTATIVIDADE,"0,07",INSUMO,37666,OPERADOR DE BETONEIRA ESTACIONARIA / MISTURADOR,H,COEFICIENTE DE REPRESENTATIVIDADE,"0,0057000","12,52","0,07",,,,,,,,,,,,ENCARGOS COMPLEMENTARES REFERENCIAL
CUSTOS HORÁRIOS DE MÁQUINAS E EQUIPAMENTOS,CHOR,CUSTO HORÁRIO PRODUTIVO DIURNO,325,,,88830,"BETONEIRA CAPACIDADE NOMINAL DE 400 L, CAPACIDADE DE MISTURA 280 L, MOTOR ELÉTRICO TRIFÁSICO POTÊNCIA DE 2 CV, SEM CARREGADOR - CHP DIURNO. AF_10/2014",CHP,COEFICIENTE DE REPRESENTATIVIDADE,"1,62",,,,,,,,,"0,00","0,0000000","0,00","0,0000000","0,46","28,3950617","0,00","0,0000000","1,16","71,6049383",0.00%,CAIXA REFERENCIAL
CUSTOS HORÁRIOS DE MÁQUINAS E EQUIPAMENTOS,CHOR,CUSTO HORÁRIO PRODUTIVO DIURNO,325,,,88830,"BETONEIRA CAPACIDADE NOMINAL DE 400 L, CAPACIDADE DE MISTURA 280 L, MOTOR ELÉTRICO TRIFÁSICO POTÊNCIA DE 2 CV, SEM CARREGADOR - CHP DIURNO. AF_10/2014",CHP,COEFICIENTE DE REPRESENTATIVIDADE,"1,62",COMPOSICAO,88826,"BETONEIRA CAPACIDADE NOMINAL DE 400 L, CAPACIDADE DE MISTURA 280 L, MOTOR ELÉTRICO TRIFÁSICO POTÊNCIA DE 2 CV, SEM CARREGADOR - DEPRECIAÇÃO. AF_10/2014",H,COLETADO,"1,0000000","0,23","0,23",,,,,,,,,,,,CAIXA REFERENCIAL
CUSTOS HORÁRIOS DE MÁQUINAS E EQUIPAMENTOS,CHOR,CUSTO HORÁRIO PRODUTIVO DIURNO,325,,,88830,"BETONEIRA CAPACIDADE NOMINAL DE 400 L, CAPACIDADE DE MISTURA 280 L, MOTOR ELÉTRICO TRIFÁSICO POTÊNCIA DE 2 CV, SEM CARREGADOR - CHP DIURNO. AF_10/2014",CHP,COEFICIENTE DE REPRESENTATIVIDADE,"1,62",COMPOSICAO,88827,"BETONEIRA CAPACIDADE NOMINAL DE 400 L, CAPACIDADE DE MISTURA 280 L, MOTOR ELÉTRICO TRIFÁSICO POTÊNCIA DE 2 CV, SEM CARREGADOR - JUROS. AF_10/2014",H,COLETADO,"1,0000000","0,02","0,02",,,,,,,,,,,,CAIXA REFERENCIAL
CUSTOS HORÁRIOS DE MÁQUINAS E EQUIPAMENTOS,CHOR,CUSTO HORÁRIO PRODUTIVO DIURNO,325,,,88830,"BETONEIRA CAPACIDADE NOMINAL DE 400 L, CAPACIDADE DE MISTURA 280 L, MOTOR ELÉTRICO TRIFÁSICO POTÊNCIA DE 2 CV, SEM CARREGADOR - CHP DIURNO. AF_10/2014",CHP,COEFICIENTE DE REPRESENTATIVIDADE,"1,62",COMPOSICAO,88828,"BETONEIRA CAPACIDADE NOMINAL DE 400 L, CAPACIDADE DE MISTURA 280 L, MOTOR ELÉTRICO TRIFÁSICO POTÊNCIA DE 2 CV, SEM CARREGADOR - MANUTENÇÃO. AF_10/2014",H,COLETADO,"1,0000000","0,21","0,21",,,,,,,,,,,,CAIXA REFERENCIAL
CUSTOS HORÁRIOS DE MÁQUINAS E EQUIPAMENTOS,CHOR,CUSTO HORÁRIO PRODUTIVO DIURNO,325,,,88830,"BETONEIRA CAPACIDADE NOMINAL DE 400 L, CAPACIDADE DE MISTURA 280 L, MOTOR ELÉTRICO TRIFÁSICO POTÊNCIA DE 2 CV, SEM CARREGADOR - CHP DIURNO. AF_10/2014",CHP,COEFICIENTE DE REPRESENTATIVIDADE,"1,62",COMPOSICAO,88829,"BETONEIRA CAPACIDADE NOMINAL DE 400 L, CAPACIDADE DE MISTURA 280 L, MOTOR ELÉTRICO TRIFÁSICO POTÊNCIA DE 2 CV, SEM CARREGADOR - MATERIAIS NA OPERAÇÃO. AF_10/2014",H,COEFICIENTE DE REPRESENTATIVIDADE,"1,0000000","1,16","1,16",,,,,,,,,,,,CAIXA REFERENCIAL
CUSTOS HORÁRIOS DE MÁQUINAS E EQUIPAMENTOS,CHOR,COMPOSIÇÕES AUXILIARES,329,,,88828,"BETONEIRA CAPACIDADE NOMINAL DE 400 L, CAPACIDADE DE MISTURA 280 L, MOTOR ELÉTRICO TRIFÁSICO POTÊNCIA DE 2 CV, SEM CARREGADOR - MANUTENÇÃO. AF_10/2014",H,COLETADO,"0,21",,,,,,,,,"0,00","0,0000000","0,00","0,0000000","0,21","100,0000000","0,00","0,0000000","0,00","0,0000000",0.00%,CAIXA REFERENCIAL
CUSTOS HORÁRIOS DE MÁQUINAS E EQUIPAMENTOS,CHOR,COMPOSIÇÕES AUXILIARES,329,,,88828,"BETONEIRA CAPACIDADE NOMINAL DE 400 L, CAPACIDADE DE MISTURA 280 L, MOTOR ELÉTRICO TRIFÁSICO POTÊNCIA DE 2 CV, SEM CARREGADOR - MANUTENÇÃO. AF_10/2014",H,COLETADO,"0,21",INSUMO,10535,"BETONEIRA CAPACIDADE NOMINAL 400 L, CAPACIDADE DE MISTURA  280 L, MOTOR ELETRICO TRIFASICO 220/380 V POTENCIA 2 CV, SEM CARREGADOR",UN,COLETADO,"0,0000600","3.600,00","0,21",,,,,,,,,,,,CAIXA REFERENCIAL
CUSTOS HORÁRIOS DE MÁQUINAS E EQUIPAMENTOS,CHOR,COMPOSIÇÕES AUXILIARES,329,,,88829,"BETONEIRA CAPACIDADE NOMINAL DE 400 L, CAPACIDADE DE MISTURA 280 L, MOTOR ELÉTRICO TRIFÁSICO POTÊNCIA DE 2 CV, SEM CARREGADOR - MATERIAIS NA OPERAÇÃO. AF_10/2014",H,COEFICIENTE DE REPRESENTATIVIDADE,"1,16",,,,,,,,,"0,00","0,0000000","0,00","0,0000000","0,00","0,0000000","0,00","0,0000000","1,16","100,0000000",0.00%,CAIXA REFERENCIAL
CUSTOS HORÁRIOS DE MÁQUINAS E EQUIPAMENTOS,CHOR,COMPOSIÇÕES AUXILIARES,329,,,88829,"BETONEIRA CAPACIDADE NOMINAL DE 400 L, CAPACIDADE DE MISTURA 280 L, MOTOR ELÉTRICO TRIFÁSICO POTÊNCIA DE 2 CV, SEM CARREGADOR - MATERIAIS NA OPERAÇÃO. AF_10/2014",H,COEFICIENTE DE REPRESENTATIVIDADE,"1,16",INSUMO,2705,"ENERGIA ELETRICA ATE 2000 KWH INDUSTRIAL, SEM DEMANDA",KW/H,COEFICIENTE DE REPRESENTATIVIDADE,"1,2500000","0,93","1,16",,,,,,,,,,,,CAIXA REFERENCIAL
CUSTOS HORÁRIOS DE MÁQUINAS E EQUIPAMENTOS,CHOR,CUSTO HORÁRIO IMPRODUTIVO DIURNO,327,,,88831,"BETONEIRA CAPACIDADE NOMINAL DE 400 L, CAPACIDADE DE MISTURA 280 L, MOTOR ELÉTRICO TRIFÁSICO POTÊNCIA DE 2 CV, SEM CARREGADOR - CHI DIURNO. AF_10/2014",CHI,COLETADO,"0,25",,,,,,,,,"0,00","0,0000000","0,00","0,0000000","0,25","100,0000000","0,00","0,0000000","0,00","0,0000000",0.00%,CAIXA REFERENCIAL
CUSTOS HORÁRIOS DE MÁQUINAS E EQUIPAMENTOS,CHOR,CUSTO HORÁRIO IMPRODUTIVO DIURNO,327,,,88831,"BETONEIRA CAPACIDADE NOMINAL DE 400 L, CAPACIDADE DE MISTURA 280 L, MOTOR ELÉTRICO TRIFÁSICO POTÊNCIA DE 2 CV, SEM CARREGADOR - CHI DIURNO. AF_10/2014",CHI,COLETADO,"0,25",COMPOSICAO,88826,"BETONEIRA CAPACIDADE NOMINAL DE 400 L, CAPACIDADE DE MISTURA 280 L, MOTOR ELÉTRICO TRIFÁSICO POTÊNCIA DE 2 CV, SEM CARREGADOR - DEPRECIAÇÃO. AF_10/2014",H,COLETADO,"1,0000000","0,23","0,23",,,,,,,,,,,,CAIXA REFERENCIAL
CUSTOS HORÁRIOS DE MÁQUINAS E EQUIPAMENTOS,CHOR,CUSTO HORÁRIO IMPRODUTIVO DIURNO,327,,,88831,"BETONEIRA CAPACIDADE NOMINAL DE 400 L, CAPACIDADE DE MISTURA 280 L, MOTOR ELÉTRICO TRIFÁSICO POTÊNCIA DE 2 CV, SEM CARREGADOR - CHI DIURNO. AF_10/2014",CHI,COLETADO,"0,25",COMPOSICAO,88827,"BETONEIRA CAPACIDADE NOMINAL DE 400 L, CAPACIDADE DE MISTURA 280 L, MOTOR ELÉTRICO TRIFÁSICO POTÊNCIA DE 2 CV, SEM CARREGADOR - JUROS. AF_10/2014",H,COLETADO,"1,0000000","0,02","0,02",,,,,,,,,,,,CAIXA REFERENCIAL
CUSTOS HORÁRIOS DE MÁQUINAS E EQUIPAMENTOS,CHOR,COMPOSIÇÕES AUXILIARES,329,,,88826,"BETONEIRA CAPACIDADE NOMINAL DE 400 L, CAPACIDADE DE MISTURA 280 L, MOTOR ELÉTRICO TRIFÁSICO POTÊNCIA DE 2 CV, SEM CARREGADOR - DEPRECIAÇÃO. AF_10/2014",H,COLETADO,"0,23",,,,,,,,,"0,00","0,0000000","0,00","0,0000000","0,23","100,0000000","0,00","0,0000000","0,00","0,0000000",0.00%,CAIXA REFERENCIAL
CUSTOS HORÁRIOS DE MÁQUINAS E EQUIPAMENTOS,CHOR,COMPOSIÇÕES AUXILIARES,329,,,88826,"BETONEIRA CAPACIDADE NOMINAL DE 400 L, CAPACIDADE DE MISTURA 280 L, MOTOR ELÉTRICO TRIFÁSICO POTÊNCIA DE 2 CV, SEM CARREGADOR - DEPRECIAÇÃO. AF_10/2014",H,COLETADO,"0,23",INSUMO,10535,"BETONEIRA CAPACIDADE NOMINAL 400 L, CAPACIDADE DE MISTURA  280 L, MOTOR ELETRICO TRIFASICO 220/380 V POTENCIA 2 CV, SEM CARREGADOR",UN,COLETADO,"0,0000640","3.600,00","0,23",,,,,,,,,,,,CAIXA REFERENCIAL
CUSTOS HORÁRIOS DE MÁQUINAS E EQUIPAMENTOS,CHOR,COMPOSIÇÕES AUXILIARES,329,,,88827,"BETONEIRA CAPACIDADE NOMINAL DE 400 L, CAPACIDADE DE MISTURA 280 L, MOTOR ELÉTRICO TRIFÁSICO POTÊNCIA DE 2 CV, SEM CARREGADOR - JUROS. AF_10/2014",H,COLETADO,"0,02",,,,,,,,,"0,00","0,0000000","0,00","0,0000000","0,02","100,0000000","0,00","0,0000000","0,00","0,0000000",0.00%,CAIXA REFERENCIAL
CUSTOS HORÁRIOS DE MÁQUINAS E EQUIPAMENTOS,CHOR,COMPOSIÇÕES AUXILIARES,329,,,88827,"BETONEIRA CAPACIDADE NOMINAL DE 400 L, CAPACIDADE DE MISTURA 280 L, MOTOR ELÉTRICO TRIFÁSICO POTÊNCIA DE 2 CV, SEM CARREGADOR - JUROS. AF_10/2014",H,COLETADO,"0,02",INSUMO,10535,"BETONEIRA CAPACIDADE NOMINAL 400 L, CAPACIDADE DE MISTURA  280 L, MOTOR ELETRICO TRIFASICO 220/380 V POTENCIA 2 CV, SEM CARREGADOR",UN,COLETADO,"0,0000076","3.600,00","0,02",,,,,,,,,,,,CAIXA REFERENCIAL
SERVICOS DIVERSOS,SEDI,OUTROS,318,,,88309,PEDREIRO COM ENCARGOS COMPLEMENTARES,H,COLETADO,"18,46",,,,,,,,,"14,96","81,0400867","3,50","18,9599133","0,00","0,0000000","0,00","0,0000000","0,00","0,0000000",0.00%,ENCARGOS COMPLEMENTARES REFERENCIAL
SERVICOS DIVERSOS,SEDI,OUTROS,318,,,88309,PEDREIRO COM ENCARGOS COMPLEMENTARES,H,COLETADO,"18,46",INSUMO,4750,PEDREIRO,H,COLETADO,"1,0000000","14,75","14,75",,,,,,,,,,,,ENCARGOS COMPLEMENTARES REFERENCIAL
SERVICOS DIVERSOS,SEDI,OUTROS,318,,,88309,PEDREIRO COM ENCARGOS COMPLEMENTARES,H,COLETADO,"18,46",INSUMO,37370,ALIMENTACAO - HORISTA (COLETADO CAIXA),H,COLETADO,"1,0000000","0,82","0,82",,,,,,,,,,,,ENCARGOS COMPLEMENTARES REFERENCIAL
SERVICOS DIVERSOS,SEDI,OUTROS,318,,,88309,PEDREIRO COM ENCARGOS COMPLEMENTARES,H,COLETADO,"18,46",INSUMO,37371,TRANSPORTE - HORISTA (COLETADO CAIXA),H,COLETADO,"1,0000000","0,80","0,80",,,,,,,,,,,,ENCARGOS COMPLEMENTARES REFERENCIAL
SERVICOS DIVERSOS,SEDI,OUTROS,318,,,88309,PEDREIRO COM ENCARGOS COMPLEMENTARES,H,COLETADO,"18,46",INSUMO,37372,EXAMES - HORISTA (COLETADO CAIXA),H,COLETADO,"1,0000000","0,35","0,35",,,,,,,,,,,,ENCARGOS COMPLEMENTARES REFERENCIAL
SERVICOS DIVERSOS,SEDI,OUTROS,318,,,88309,PEDREIRO COM ENCARGOS COMPLEMENTARES,H,COLETADO,"18,46",INSUMO,37373,SEGURO - HORISTA (COLETADO CAIXA),H,COLETADO,"1,0000000","0,07","0,07",,,,,,,,,,,,ENCARGOS COMPLEMENTARES REFERENCIAL
SERVICOS DIVERSOS,SEDI,OUTROS,318,,,88309,PEDREIRO COM ENCARGOS COMPLEMENTARES,H,COLETADO,"18,46",INSUMO,43465,FERRAMENTAS - FAMILIA PEDREIRO - HORISTA (ENCARGOS COMPLEMENTARES - COLETADO CAIXA),H,COLETADO,"1,0000000","0,50","0,50",,,,,,,,,,,,ENCARGOS COMPLEMENTARES REFERENCIAL
SERVICOS DIVERSOS,SEDI,OUTROS,318,,,88309,PEDREIRO COM ENCARGOS COMPLEMENTARES,H,COLETADO,"18,46",INSUMO,43489,EPI - FAMILIA PEDREIRO - HORISTA (ENCARGOS COMPLEMENTARES - COLETADO CAIXA),H,COLETADO,"1,0000000","0,96","0,96",,,,,,,,,,,,ENCARGOS COMPLEMENTARES REFERENCIAL
SERVICOS DIVERSOS,SEDI,OUTROS,318,,,88309,PEDREIRO COM ENCARGOS COMPLEMENTARES,H,COLETADO,"18,46",COMPOSICAO,95371,CURSO DE CAPACITAÇÃO PARA PEDREIRO (ENCARGOS COMPLEMENTARES) - HORISTA,H,COLETADO,"1,0000000","0,21","0,21",,,,,,,,,,,,ENCARGOS COMPLEMENTARES REFERENCIAL
SERVICOS DIVERSOS,SEDI,OUTROS,318,,,95371,CURSO DE CAPACITAÇÃO PARA PEDREIRO (ENCARGOS COMPLEMENTARES) - HORISTA,H,COLETADO,"0,21",,,,,,,,,"0,21","100,0000000","0,00","0,0000000","0,00","0,0000000","0,00","0,0000000","0,00","0,0000000",0.00%,ENCARGOS COMPLEMENTARES REFERENCIAL
SERVICOS DIVERSOS,SEDI,OUTROS,318,,,95371,CURSO DE CAPACITAÇÃO PARA PEDREIRO (ENCARGOS COMPLEMENTARES) - HORISTA,H,COLETADO,"0,21",INSUMO,4750,PEDREIRO,H,COLETADO,"0,0146000","14,75","0,21",,,,,,,,,,,,ENCARGOS COMPLEMENTARES REFERENCIAL
SERVICOS DIVERSOS,SEDI,OUTROS,318,,,88316,SERVENTE COM ENCARGOS COMPLEMENTARES,H,COLETADO,"13,23",,,,,,,,,"9,79","73,9984883","3,44","26,0015117","0,00","0,0000000","0,00","0,0000000","0,00","0,0000000",0.00%,ENCARGOS COMPLEMENTARES REFERENCIAL
SERVICOS DIVERSOS,SEDI,OUTROS,318,,,88316,SERVENTE COM ENCARGOS COMPLEMENTARES,H,COLETADO,"13,23",INSUMO,6111,SERVENTE DE OBRAS,H,COLETADO,"1,0000000","9,65","9,65",,,,,,,,,,,,ENCARGOS COMPLEMENTARES REFERENCIAL
SERVICOS DIVERSOS,SEDI,OUTROS,318,,,88316,SERVENTE COM ENCARGOS COMPLEMENTARES,H,COLETADO,"13,23",INSUMO,37370,ALIMENTACAO - HORISTA (COLETADO CAIXA),H,COLETADO,"1,0000000","0,82","0,82",,,,,,,,,,,,ENCARGOS COMPLEMENTARES REFERENCIAL
SERVICOS DIVERSOS,SEDI,OUTROS,318,,,88316,SERVENTE COM ENCARGOS COMPLEMENTARES,H,COLETADO,"13,23",INSUMO,37371,TRANSPORTE - HORISTA (COLETADO CAIXA),H,COLETADO,"1,0000000","0,80","0,80",,,,,,,,,,,,ENCARGOS COMPLEMENTARES REFERENCIAL
SERVICOS DIVERSOS,SEDI,OUTROS,318,,,88316,SERVENTE COM ENCARGOS COMPLEMENTARES,H,COLETADO,"13,23",INSUMO,37372,EXAMES - HORISTA (COLETADO CAIXA),H,COLETADO,"1,0000000","0,35","0,35",,,,,,,,,,,,ENCARGOS COMPLEMENTARES REFERENCIAL
SERVICOS DIVERSOS,SEDI,OUTROS,318,,,88316,SERVENTE COM ENCARGOS COMPLEMENTARES,H,COLETADO,"13,23",INSUMO,37373,SEGURO - HORISTA (COLETADO CAIXA),H,COLETADO,"1,0000000","0,07","0,07",,,,,,,,,,,,ENCARGOS COMPLEMENTARES REFERENCIAL
SERVICOS DIVERSOS,SEDI,OUTROS,318,,,88316,SERVENTE COM ENCARGOS COMPLEMENTARES,H,COLETADO,"13,23",INSUMO,43467,FERRAMENTAS - FAMILIA SERVENTE - HORISTA (ENCARGOS COMPLEMENTARES - COLETADO CAIXA),H,COLETADO,"1,0000000","0,38","0,38",,,,,,,,,,,,ENCARGOS COMPLEMENTARES REFERENCIAL
SERVICOS DIVERSOS,SEDI,OUTROS,318,,,88316,SERVENTE COM ENCARGOS COMPLEMENTARES,H,COLETADO,"13,23",INSUMO,43491,EPI - FAMILIA SERVENTE - HORISTA (ENCARGOS COMPLEMENTARES - COLETADO CAIXA),H,COLETADO,"1,0000000","1,02","1,02",,,,,,,,,,,,ENCARGOS COMPLEMENTARES REFERENCIAL
SERVICOS DIVERSOS,SEDI,OUTROS,318,,,88316,SERVENTE COM ENCARGOS COMPLEMENTARES,H,COLETADO,"13,23",COMPOSICAO,95378,CURSO DE CAPACITAÇÃO PARA SERVENTE (ENCARGOS COMPLEMENTARES) - HORISTA,H,COLETADO,"1,0000000","0,14","0,14",,,,,,,,,,,,ENCARGOS COMPLEMENTARES REFERENCIAL
SERVICOS DIVERSOS,SEDI,OUTROS,318,,,95378,CURSO DE CAPACITAÇÃO PARA SERVENTE (ENCARGOS COMPLEMENTARES) - HORISTA,H,COLETADO,"0,14",,,,,,,,,"0,14","100,0000000","0,00","0,0000000","0,00","0,0000000","0,00","0,0000000","0,00","0,0000000",0.00%,ENCARGOS COMPLEMENTARES REFERENCIAL
SERVICOS DIVERSOS,SEDI,OUTROS,318,,,95378,CURSO DE CAPACITAÇÃO PARA SERVENTE (ENCARGOS COMPLEMENTARES) - HORISTA,H,COLETADO,"0,14",INSUMO,6111,SERVENTE DE OBRAS,H,COLETADO,"0,0146000","9,65","0,14",,,,,,,,,,,,ENCARGOS COMPLEMENTARES REFERENCIAL
PAREDES/PAINEIS,PARE,ALVENARIA DE BLOCOS DE CONCRETO,65,,,87449,ALVENARIA DE VEDAÇÃO DE BLOCOS VAZADOS DE CONCRETO DE 14X19X39CM (ESPESSURA 14CM) DE PAREDES COM ÁREA LÍQUIDA MENOR QUE 6M² SEM VÃOS E ARGAMASSA DE ASSENTAMENTO COM PREPARO EM BETONEIRA. AF_06/2014,M2,COEFICIENTE DE REPRESENTATIVIDADE,"54,16",,,,,,,,,"20,25","37,4051452","33,90","62,5763466","0,00","0,0000000","0,00","0,0000000","0,01","0,0185082",0,CAIXA REFERENCIAL
PAREDES/PAINEIS,PARE,ALVENARIA DE BLOCOS DE CONCRETO,65,,,87449,ALVENARIA DE VEDAÇÃO DE BLOCOS VAZADOS DE CONCRETO DE 14X19X39CM (ESPESSURA 14CM) DE PAREDES COM ÁREA LÍQUIDA MENOR QUE 6M² SEM VÃOS E ARGAMASSA DE ASSENTAMENTO COM PREPARO EM BETONEIRA. AF_06/2014,M2,COEFICIENTE DE REPRESENTATIVIDADE,"54,16",INSUMO,651,BLOCO VEDACAO CONCRETO 14 X 19 X 39 CM (CLASSE C - NBR 6136),UN,COEFICIENTE DE REPRESENTATIVIDADE,"13,5000000","1,68","22,68",,,,,,,,,,,,CAIXA REFERENCIAL
PAREDES/PAINEIS,PARE,ALVENARIA DE BLOCOS DE CONCRETO,65,,,87449,ALVENARIA DE VEDAÇÃO DE BLOCOS VAZADOS DE CONCRETO DE 14X19X39CM (ESPESSURA 14CM) DE PAREDES COM ÁREA LÍQUIDA MENOR QUE 6M² SEM VÃOS E ARGAMASSA DE ASSENTAMENTO COM PREPARO EM BETONEIRA. AF_06/2014,M2,COEFICIENTE DE REPRESENTATIVIDADE,"54,16",INSUMO,34547,"TELA DE ACO SOLDADA GALVANIZADA/ZINCADA PARA ALVENARIA, FIO  D = *1,20 A 1,70* MM, MALHA 15 X 15 MM, (C X L) *50 X 12* CM",M,COEFICIENTE DE REPRESENTATIVIDADE,"0,7850000","3,04","2,38",,,,,,,,,,,,CAIXA REFERENCIAL
PAREDES/PAINEIS,PARE,ALVENARIA DE BLOCOS DE CONCRETO,65,,,87449,ALVENARIA DE VEDAÇÃO DE BLOCOS VAZADOS DE CONCRETO DE 14X19X39CM (ESPESSURA 14CM) DE PAREDES COM ÁREA LÍQUIDA MENOR QUE 6M² SEM VÃOS E ARGAMASSA DE ASSENTAMENTO COM PREPARO EM BETONEIRA. AF_06/2014,M2,COEFICIENTE DE REPRESENTATIVIDADE,"54,16",INSUMO,37395,"PINO DE ACO COM FURO, HASTE = 27 MM (ACAO DIRETA)",CENTO,COEFICIENTE DE REPRESENTATIVIDADE,"0,0189000","44,29","0,83",,,,,,,,,,,,CAIXA REFERENCIAL
PAREDES/PAINEIS,PARE,ALVENARIA DE BLOCOS DE CONCRETO,65,,,87449,ALVENARIA DE VEDAÇÃO DE BLOCOS VAZADOS DE CONCRETO DE 14X19X39CM (ESPESSURA 14CM) DE PAREDES COM ÁREA LÍQUIDA MENOR QUE 6M² SEM VÃOS E ARGAMASSA DE ASSENTAMENTO COM PREPARO EM BETONEIRA. AF_06/2014,M2,COEFICIENTE DE REPRESENTATIVIDADE,"54,16",COMPOSICAO,87292,"ARGAMASSA TRAÇO 1:2:8 (EM VOLUME DE CIMENTO, CAL E AREIA MÉDIA ÚMIDA) PARA EMBOÇO/MASSA ÚNICA/ASSENTAMENTO DE ALVENARIA DE VEDAÇÃO, PREPARO MECÂNICO COM BETONEIRA 400 L. AF_08/2019",M3,COEFICIENTE DE REPRESENTATIVIDADE,"0,0103000","336,54","3,46",,,,,,,,,,,,CAIXA REFERENCIAL
PAREDES/PAINEIS,PARE,ALVENARIA DE BLOCOS DE CONCRETO,65,,,87449,ALVENARIA DE VEDAÇÃO DE BLOCOS VAZADOS DE CONCRETO DE 14X19X39CM (ESPESSURA 14CM) DE PAREDES COM ÁREA LÍQUIDA MENOR QUE 6M² SEM VÃOS E ARGAMASSA DE ASSENTAMENTO COM PREPARO EM BETONEIRA. AF_06/2014,M2,COEFICIENTE DE REPRESENTATIVIDADE,"54,16",COMPOSICAO,88309,PEDREIRO COM ENCARGOS COMPLEMENTARES,H,COLETADO,"0,9900000","18,46","18,27",,,,,,,,,,,,CAIXA REFERENCIAL
PAREDES/PAINEIS,PARE,ALVENARIA DE BLOCOS DE CONCRETO,65,,,87449,ALVENARIA DE VEDAÇÃO DE BLOCOS VAZADOS DE CONCRETO DE 14X19X39CM (ESPESSURA 14CM) DE PAREDES COM ÁREA LÍQUIDA MENOR QUE 6M² SEM VÃOS E ARGAMASSA DE ASSENTAMENTO COM PREPARO EM BETONEIRA. AF_06/2014,M2,COEFICIENTE DE REPRESENTATIVIDADE,"54,16",COMPOSICAO,88316,SERVENTE COM ENCARGOS COMPLEMENTARES,H,COLETADO,"0,4950000","13,23","6,54",,,,,,,,,,,,CAIXA REFERENCIAL
"TRANPORTES, CARGAS E DESCARGAS",TRAN,TRANSPORTE COMERCIAL,332,,,93596,"TRANSPORTE COM CAMINHÃO BASCULANTE DE 10 M3, EM VIA URBANA PAVIMENTADA, DMT ACIMA DE 30 KM (UNIDADE: TXKM). AF_04/2016",TXKM,COEFICIENTE DE REPRESENTATIVIDADE,"0,43",,,,,,,,,"0,05","13,1578947","0,27","60,5263159","0,11","26,3157894","0,00","0,0000000","0,00","0,0000000",0.00%,CAIXA REFERENCIAL
"TRANPORTES, CARGAS E DESCARGAS",TRAN,TRANSPORTE COMERCIAL,332,,,93596,"TRANSPORTE COM CAMINHÃO BASCULANTE DE 10 M3, EM VIA URBANA PAVIMENTADA, DMT ACIMA DE 30 KM (UNIDADE: TXKM). AF_04/2016",TXKM,COEFICIENTE DE REPRESENTATIVIDADE,"0,43",COMPOSICAO,91386,"CAMINHÃO BASCULANTE 10 M3, TRUCADO CABINE SIMPLES, PESO BRUTO TOTAL 23.000 KG, CARGA ÚTIL MÁXIMA 15.935 KG, DISTÂNCIA ENTRE EIXOS 4,80 M, POTÊNCIA 230 CV INCLUSIVE CAÇAMBA METÁLICA - CHP DIURNO. AF_06/2014",CHP,COEFICIENTE DE REPRESENTATIVIDADE,"0,0029600","140,22","0,41",,,,,,,,,,,,CAIXA REFERENCIAL
"TRANPORTES, CARGAS E DESCARGAS",TRAN,TRANSPORTE COMERCIAL,332,,,93596,"TRANSPORTE COM CAMINHÃO BASCULANTE DE 10 M3, EM VIA URBANA PAVIMENTADA, DMT ACIMA DE 30 KM (UNIDADE: TXKM). AF_04/2016",TXKM,COEFICIENTE DE REPRESENTATIVIDADE,"0,43",COMPOSICAO,91387,"CAMINHÃO BASCULANTE 10 M3, TRUCADO CABINE SIMPLES, PESO BRUTO TOTAL 23.000 KG, CARGA ÚTIL MÁXIMA 15.935 KG, DISTÂNCIA ENTRE EIXOS 4,80 M, POTÊNCIA 230 CV INCLUSIVE CAÇAMBA METÁLICA - CHI DIURNO. AF_06/2014",CHI,COEFICIENTE DE REPRESENTATIVIDADE,"0,0007400","34,18","0,02",,,,,,,,,,,,CAIXA REFERENCIAL
CUSTOS HORÁRIOS DE MÁQUINAS E EQUIPAMENTOS,CHOR,CUSTO HORÁRIO PRODUTIVO DIURNO,325,,,91386,"CAMINHÃO BASCULANTE 10 M3, TRUCADO CABINE SIMPLES, PESO BRUTO TOTAL 23.000 KG, CARGA ÚTIL MÁXIMA 15.935 KG, DISTÂNCIA ENTRE EIXOS 4,80 M, POTÊNCIA 230 CV INCLUSIVE CAÇAMBA METÁLICA - CHP DIURNO. AF_06/2014",CHP,COEFICIENTE DE REPRESENTATIVIDADE,"140,22",,,,,,,,,"13,62","9,7133076","82,10","58,5508488","44,50","31,7358436","0,00","0,0000000","0,00","0,0000000",0.00%,CAIXA REFERENCIAL
CUSTOS HORÁRIOS DE MÁQUINAS E EQUIPAMENTOS,CHOR,CUSTO HORÁRIO PRODUTIVO DIURNO,325,,,91386,"CAMINHÃO BASCULANTE 10 M3, TRUCADO CABINE SIMPLES, PESO BRUTO TOTAL 23.000 KG, CARGA ÚTIL MÁXIMA 15.935 KG, DISTÂNCIA ENTRE EIXOS 4,80 M, POTÊNCIA 230 CV INCLUSIVE CAÇAMBA METÁLICA - CHP DIURNO. AF_06/2014",CHP,COEFICIENTE DE REPRESENTATIVIDADE,"140,22",COMPOSICAO,88281,MOTORISTA DE BASCULANTE COM ENCARGOS COMPLEMENTARES,H,COEFICIENTE DE REPRESENTATIVIDADE,"1,0000000","16,33","16,33",,,,,,,,,,,,CAIXA REFERENCIAL
CUSTOS HORÁRIOS DE MÁQUINAS E EQUIPAMENTOS,CHOR,CUSTO HORÁRIO PRODUTIVO DIURNO,325,,,91386,"CAMINHÃO BASCULANTE 10 M3, TRUCADO CABINE SIMPLES, PESO BRUTO TOTAL 23.000 KG, CARGA ÚTIL MÁXIMA 15.935 KG, DISTÂNCIA ENTRE EIXOS 4,80 M, POTÊNCIA 230 CV INCLUSIVE CAÇAMBA METÁLICA - CHP DIURNO. AF_06/2014",CHP,COEFICIENTE DE REPRESENTATIVIDADE,"140,22",COMPOSICAO,91380,"CAMINHÃO BASCULANTE 10 M3, TRUCADO CABINE SIMPLES, PESO BRUTO TOTAL 23.000 KG, CARGA ÚTIL MÁXIMA 15.935 KG, DISTÂNCIA ENTRE EIXOS 4,80 M, POTÊNCIA 230 CV INCLUSIVE CAÇAMBA METÁLICA - DEPRECIAÇÃO. AF_06/2014",H,COEFICIENTE DE REPRESENTATIVIDADE,"1,0000000","14,21","14,21",,,,,,,,,,,,CAIXA REFERENCIAL
CUSTOS HORÁRIOS DE MÁQUINAS E EQUIPAMENTOS,CHOR,CUSTO HORÁRIO PRODUTIVO DIURNO,325,,,91386,"CAMINHÃO BASCULANTE 10 M3, TRUCADO CABINE SIMPLES, PESO BRUTO TOTAL 23.000 KG, CARGA ÚTIL MÁXIMA 15.935 KG, DISTÂNCIA ENTRE EIXOS 4,80 M, POTÊNCIA 230 CV INCLUSIVE CAÇAMBA METÁLICA - CHP DIURNO. AF_06/2014",CHP,COEFICIENTE DE REPRESENTATIVIDADE,"140,22",COMPOSICAO,91381,"CAMINHÃO BASCULANTE 10 M3, TRUCADO CABINE SIMPLES, PESO BRUTO TOTAL 23.000 KG, CARGA ÚTIL MÁXIMA 15.935 KG, DISTÂNCIA ENTRE EIXOS 4,80 M, POTÊNCIA 230 CV INCLUSIVE CAÇAMBA METÁLICA - JUROS. AF_06/2014",H,COEFICIENTE DE REPRESENTATIVIDADE,"1,0000000","2,62","2,62",,,,,,,,,,,,CAIXA REFERENCIAL
CUSTOS HORÁRIOS DE MÁQUINAS E EQUIPAMENTOS,CHOR,CUSTO HORÁRIO PRODUTIVO DIURNO,325,,,91386,"CAMINHÃO BASCULANTE 10 M3, TRUCADO CABINE SIMPLES, PESO BRUTO TOTAL 23.000 KG, CARGA ÚTIL MÁXIMA 15.935 KG, DISTÂNCIA ENTRE EIXOS 4,80 M, POTÊNCIA 230 CV INCLUSIVE CAÇAMBA METÁLICA - CHP DIURNO. AF_06/2014",CHP,COEFICIENTE DE REPRESENTATIVIDADE,"140,22",COMPOSICAO,91382,"CAMINHÃO BASCULANTE 10 M3, TRUCADO CABINE SIMPLES, PESO BRUTO TOTAL 23.000 KG, CARGA ÚTIL MÁXIMA 15.935 KG, DISTÂNCIA ENTRE EIXOS 4,80 M, POTÊNCIA 230 CV INCLUSIVE CAÇAMBA METÁLICA - IMPOSTOS E SEGUROS. AF_06/2014",H,COEFICIENTE DE REPRESENTATIVIDADE,"1,0000000","1,02","1,02",,,,,,,,,,,,CAIXA REFERENCIAL
CUSTOS HORÁRIOS DE MÁQUINAS E EQUIPAMENTOS,CHOR,CUSTO HORÁRIO PRODUTIVO DIURNO,325,,,91386,"CAMINHÃO BASCULANTE 10 M3, TRUCADO CABINE SIMPLES, PESO BRUTO TOTAL 23.000 KG, CARGA ÚTIL MÁXIMA 15.935 KG, DISTÂNCIA ENTRE EIXOS 4,80 M, POTÊNCIA 230 CV INCLUSIVE CAÇAMBA METÁLICA - CHP DIURNO. AF_06/2014",CHP,COEFICIENTE DE REPRESENTATIVIDADE,"140,22",COMPOSICAO,91383,"CAMINHÃO BASCULANTE 10 M3, TRUCADO CABINE SIMPLES, PESO BRUTO TOTAL 23.000 KG, CARGA ÚTIL MÁXIMA 15.935 KG, DISTÂNCIA ENTRE EIXOS 4,80 M, POTÊNCIA 230 CV INCLUSIVE CAÇAMBA METÁLICA - MANUTENÇÃO. AF_06/2014",H,COEFICIENTE DE REPRESENTATIVIDADE,"1,0000000","26,65","26,65",,,,,,,,,,,,CAIXA REFERENCIAL
CUSTOS HORÁRIOS DE MÁQUINAS E EQUIPAMENTOS,CHOR,CUSTO HORÁRIO PRODUTIVO DIURNO,325,,,91386,"CAMINHÃO BASCULANTE 10 M3, TRUCADO CABINE SIMPLES, PESO BRUTO TOTAL 23.000 KG, CARGA ÚTIL MÁXIMA 15.935 KG, DISTÂNCIA ENTRE EIXOS 4,80 M, POTÊNCIA 230 CV INCLUSIVE CAÇAMBA METÁLICA - CHP DIURNO. AF_06/2014",CHP,COEFICIENTE DE REPRESENTATIVIDADE,"140,22",COMPOSICAO,91384,"CAMINHÃO BASCULANTE 10 M3, TRUCADO CABINE SIMPLES, PESO BRUTO TOTAL 23.000 KG, CARGA ÚTIL MÁXIMA 15.935 KG, DISTÂNCIA ENTRE EIXOS 4,80 M, POTÊNCIA 230 CV INCLUSIVE CAÇAMBA METÁLICA - MATERIAIS NA OPERAÇÃO. AF_06/2014",H,COLETADO,"1,0000000","79,39","79,39",,,,,,,,,,,,CAIXA REFERENCIAL
SERVICOS DIVERSOS,SEDI,OUTROS,318,,,95346,CURSO DE CAPACITAÇÃO PARA MOTORISTA DE BASCULANTE (ENCARGOS COMPLEMENTARES) - HORISTA,H,COEFICIENTE DE REPRESENTATIVIDADE,"0,04",,,,,,,,,"0,04","100,0000000","0,00","0,0000000","0,00","0,0000000","0,00","0,0000000","0,00","0,0000000",0.00%,ENCARGOS COMPLEMENTARES REFERENCIAL
SERVICOS DIVERSOS,SEDI,OUTROS,318,,,95346,CURSO DE CAPACITAÇÃO PARA MOTORISTA DE BASCULANTE (ENCARGOS COMPLEMENTARES) - HORISTA,H,COEFICIENTE DE REPRESENTATIVIDADE,"0,04",INSUMO,20020,MOTORISTA DE CAMINHAO-BASCULANTE,H,COEFICIENTE DE REPRESENTATIVIDADE,"0,0035000","13,58","0,04",,,,,,,,,,,,ENCARGOS COMPLEMENTARES REFERENCIAL
CUSTOS HORÁRIOS DE MÁQUINAS E EQUIPAMENTOS,CHOR,COMPOSIÇÕES AUXILIARES,329,,,91383,"CAMINHÃO BASCULANTE 10 M3, TRUCADO CABINE SIMPLES, PESO BRUTO TOTAL 23.000 KG, CARGA ÚTIL MÁXIMA 15.935 KG, DISTÂNCIA ENTRE EIXOS 4,80 M, POTÊNCIA 230 CV INCLUSIVE CAÇAMBA METÁLICA - MANUTENÇÃO. AF_06/2014",H,COEFICIENTE DE REPRESENTATIVIDADE,"26,65",,,,,,,,,"0,00","0,0000000","0,00","0,0000000","26,65","100,0000000","0,00","0,0000000","0,00","0,0000000",0.00%,CAIXA REFERENCIAL
CUSTOS HORÁRIOS DE MÁQUINAS E EQUIPAMENTOS,CHOR,COMPOSIÇÕES AUXILIARES,329,,,91383,"CAMINHÃO BASCULANTE 10 M3, TRUCADO CABINE SIMPLES, PESO BRUTO TOTAL 23.000 KG, CARGA ÚTIL MÁXIMA 15.935 KG, DISTÂNCIA ENTRE EIXOS 4,80 M, POTÊNCIA 230 CV INCLUSIVE CAÇAMBA METÁLICA - MANUTENÇÃO. AF_06/2014",H,COEFICIENTE DE REPRESENTATIVIDADE,"26,65",INSUMO,37734,"CACAMBA METALICA BASCULANTE COM CAPACIDADE DE 10 M3 (INCLUI MONTAGEM, NAO INCLUI CAMINHAO)",UN,COEFICIENTE DE REPRESENTATIVIDADE,"0,0000750","38.783,49","2,90",,,,,,,,,,,,CAIXA REFERENCIAL
CUSTOS HORÁRIOS DE MÁQUINAS E EQUIPAMENTOS,CHOR,COMPOSIÇÕES AUXILIARES,329,,,91383,"CAMINHÃO BASCULANTE 10 M3, TRUCADO CABINE SIMPLES, PESO BRUTO TOTAL 23.000 KG, CARGA ÚTIL MÁXIMA 15.935 KG, DISTÂNCIA ENTRE EIXOS 4,80 M, POTÊNCIA 230 CV INCLUSIVE CAÇAMBA METÁLICA - MANUTENÇÃO. AF_06/2014",H,COEFICIENTE DE REPRESENTATIVIDADE,"26,65",INSUMO,37747,"CAMINHAO TRUCADO, PESO BRUTO TOTAL 23000 KG, CARGA UTIL MAXIMA 15935 KG, DISTANCIA ENTRE EIXOS 4,80 M, POTENCIA 230 CV (INCLUI CABINE E CHASSI, NAO INCLUI CARROCERIA)",UN,COEFICIENTE DE REPRESENTATIVIDADE,"0,0000750","316.734,71","23,75",,,,,,,,,,,,CAIXA REFERENCIAL
CUSTOS HORÁRIOS DE MÁQUINAS E EQUIPAMENTOS,CHOR,COMPOSIÇÕES AUXILIARES,329,,,91384,"CAMINHÃO BASCULANTE 10 M3, TRUCADO CABINE SIMPLES, PESO BRUTO TOTAL 23.000 KG, CARGA ÚTIL MÁXIMA 15.935 KG, DISTÂNCIA ENTRE EIXOS 4,80 M, POTÊNCIA 230 CV INCLUSIVE CAÇAMBA METÁLICA - MATERIAIS NA OPERAÇÃO. AF_06/2014",H,COLETADO,"79,39",,,,,,,,,"0,00","0,0000000","79,39","100,0000000","0,00","0,0000000","0,00","0,0000000","0,00","0,0000000",0.00%,CAIXA REFERENCIAL
CUSTOS HORÁRIOS DE MÁQUINAS E EQUIPAMENTOS,CHOR,COMPOSIÇÕES AUXILIARES,329,,,91384,"CAMINHÃO BASCULANTE 10 M3, TRUCADO CABINE SIMPLES, PESO BRUTO TOTAL 23.000 KG, CARGA ÚTIL MÁXIMA 15.935 KG, DISTÂNCIA ENTRE EIXOS 4,80 M, POTÊNCIA 230 CV INCLUSIVE CAÇAMBA METÁLICA - MATERIAIS NA OPERAÇÃO. AF_06/2014",H,COLETADO,"79,39",INSUMO,4221,OLEO DIESEL COMBUSTIVEL COMUM,L,COLETADO,"23,7000000","3,35","79,39",,,,,,,,,,,,CAIXA REFERENCIAL
CUSTOS HORÁRIOS DE MÁQUINAS E EQUIPAMENTOS,CHOR,CUSTO HORÁRIO IMPRODUTIVO DIURNO,327,,,91387,"CAMINHÃO BASCULANTE 10 M3, TRUCADO CABINE SIMPLES, PESO BRUTO TOTAL 23.000 KG, CARGA ÚTIL MÁXIMA 15.935 KG, DISTÂNCIA ENTRE EIXOS 4,80 M, POTÊNCIA 230 CV INCLUSIVE CAÇAMBA METÁLICA - CHI DIURNO. AF_06/2014",CHI,COEFICIENTE DE REPRESENTATIVIDADE,"34,18",,,,,,,,,"13,62","39,8478642","2,71","7,9286132","17,85","52,2235226","0,00","0,0000000","0,00","0,0000000",0.00%,CAIXA REFERENCIAL
CUSTOS HORÁRIOS DE MÁQUINAS E EQUIPAMENTOS,CHOR,CUSTO HORÁRIO IMPRODUTIVO DIURNO,327,,,91387,"CAMINHÃO BASCULANTE 10 M3, TRUCADO CABINE SIMPLES, PESO BRUTO TOTAL 23.000 KG, CARGA ÚTIL MÁXIMA 15.935 KG, DISTÂNCIA ENTRE EIXOS 4,80 M, POTÊNCIA 230 CV INCLUSIVE CAÇAMBA METÁLICA - CHI DIURNO. AF_06/2014",CHI,COEFICIENTE DE REPRESENTATIVIDADE,"34,18",COMPOSICAO,88281,MOTORISTA DE BASCULANTE COM ENCARGOS COMPLEMENTARES,H,COEFICIENTE DE REPRESENTATIVIDADE,"1,0000000","16,33","16,33",,,,,,,,,,,,CAIXA REFERENCIAL
CUSTOS HORÁRIOS DE MÁQUINAS E EQUIPAMENTOS,CHOR,CUSTO HORÁRIO IMPRODUTIVO DIURNO,327,,,91387,"CAMINHÃO BASCULANTE 10 M3, TRUCADO CABINE SIMPLES, PESO BRUTO TOTAL 23.000 KG, CARGA ÚTIL MÁXIMA 15.935 KG, DISTÂNCIA ENTRE EIXOS 4,80 M, POTÊNCIA 230 CV INCLUSIVE CAÇAMBA METÁLICA - CHI DIURNO. AF_06/2014",CHI,COEFICIENTE DE REPRESENTATIVIDADE,"34,18",COMPOSICAO,91380,"CAMINHÃO BASCULANTE 10 M3, TRUCADO CABINE SIMPLES, PESO BRUTO TOTAL 23.000 KG, CARGA ÚTIL MÁXIMA 15.935 KG, DISTÂNCIA ENTRE EIXOS 4,80 M, POTÊNCIA 230 CV INCLUSIVE CAÇAMBA METÁLICA - DEPRECIAÇÃO. AF_06/2014",H,COEFICIENTE DE REPRESENTATIVIDADE,"1,0000000","14,21","14,21",,,,,,,,,,,,CAIXA REFERENCIAL
CUSTOS HORÁRIOS DE MÁQUINAS E EQUIPAMENTOS,CHOR,CUSTO HORÁRIO IMPRODUTIVO DIURNO,327,,,91387,"CAMINHÃO BASCULANTE 10 M3, TRUCADO CABINE SIMPLES, PESO BRUTO TOTAL 23.000 KG, CARGA ÚTIL MÁXIMA 15.935 KG, DISTÂNCIA ENTRE EIXOS 4,80 M, POTÊNCIA 230 CV INCLUSIVE CAÇAMBA METÁLICA - CHI DIURNO. AF_06/2014",CHI,COEFICIENTE DE REPRESENTATIVIDADE,"34,18",COMPOSICAO,91381,"CAMINHÃO BASCULANTE 10 M3, TRUCADO CABINE SIMPLES, PESO BRUTO TOTAL 23.000 KG, CARGA ÚTIL MÁXIMA 15.935 KG, DISTÂNCIA ENTRE EIXOS 4,80 M, POTÊNCIA 230 CV INCLUSIVE CAÇAMBA METÁLICA - JUROS. AF_06/2014",H,COEFICIENTE DE REPRESENTATIVIDADE,"1,0000000","2,62","2,62",,,,,,,,,,,,CAIXA REFERENCIAL
CUSTOS HORÁRIOS DE MÁQUINAS E EQUIPAMENTOS,CHOR,CUSTO HORÁRIO IMPRODUTIVO DIURNO,327,,,91387,"CAMINHÃO BASCULANTE 10 M3, TRUCADO CABINE SIMPLES, PESO BRUTO TOTAL 23.000 KG, CARGA ÚTIL MÁXIMA 15.935 KG, DISTÂNCIA ENTRE EIXOS 4,80 M, POTÊNCIA 230 CV INCLUSIVE CAÇAMBA METÁLICA - CHI DIURNO. AF_06/2014",CHI,COEFICIENTE DE REPRESENTATIVIDADE,"34,18",COMPOSICAO,91382,"CAMINHÃO BASCULANTE 10 M3, TRUCADO CABINE SIMPLES, PESO BRUTO TOTAL 23.000 KG, CARGA ÚTIL MÁXIMA 15.935 KG, DISTÂNCIA ENTRE EIXOS 4,80 M, POTÊNCIA 230 CV INCLUSIVE CAÇAMBA METÁLICA - IMPOSTOS E SEGUROS. AF_06/2014",H,COEFICIENTE DE REPRESENTATIVIDADE,"1,0000000","1,02","1,02",,,,,,,,,,,,CAIXA REFERENCIAL
SERVICOS DIVERSOS,SEDI,OUTROS,318,,,88281,MOTORISTA DE BASCULANTE COM ENCARGOS COMPLEMENTARES,H,COEFICIENTE DE REPRESENTATIVIDADE,"16,33",,,,,,,,,"13,62","83,4047765","2,71","16,5952235","0,00","0,0000000","0,00","0,0000000","0,00","0,0000000",0.00%,ENCARGOS COMPLEMENTARES REFERENCIAL
SERVICOS DIVERSOS,SEDI,OUTROS,318,,,88281,MOTORISTA DE BASCULANTE COM ENCARGOS COMPLEMENTARES,H,COEFICIENTE DE REPRESENTATIVIDADE,"16,33",INSUMO,20020,MOTORISTA DE CAMINHAO-BASCULANTE,H,COEFICIENTE DE REPRESENTATIVIDADE,"1,0000000","13,58","13,58",,,,,,,,,,,,ENCARGOS COMPLEMENTARES REFERENCIAL
SERVICOS DIVERSOS,SEDI,OUTROS,318,,,88281,MOTORISTA DE BASCULANTE COM ENCARGOS COMPLEMENTARES,H,COEFICIENTE DE REPRESENTATIVIDADE,"16,33",INSUMO,37370,ALIMENTACAO - HORISTA (COLETADO CAIXA),H,COLETADO,"1,0000000","0,82","0,82",,,,,,,,,,,,ENCARGOS COMPLEMENTARES REFERENCIAL
SERVICOS DIVERSOS,SEDI,OUTROS,318,,,88281,MOTORISTA DE BASCULANTE COM ENCARGOS COMPLEMENTARES,H,COEFICIENTE DE REPRESENTATIVIDADE,"16,33",INSUMO,37371,TRANSPORTE - HORISTA (COLETADO CAIXA),H,COLETADO,"1,0000000","0,80","0,80",,,,,,,,,,,,ENCARGOS COMPLEMENTARES REFERENCIAL
SERVICOS DIVERSOS,SEDI,OUTROS,318,,,88281,MOTORISTA DE BASCULANTE COM ENCARGOS COMPLEMENTARES,H,COEFICIENTE DE REPRESENTATIVIDADE,"16,33",INSUMO,37372,EXAMES - HORISTA (COLETADO CAIXA),H,COLETADO,"1,0000000","0,35","0,35",,,,,,,,,,,,ENCARGOS COMPLEMENTARES REFERENCIAL
SERVICOS DIVERSOS,SEDI,OUTROS,318,,,88281,MOTORISTA DE BASCULANTE COM ENCARGOS COMPLEMENTARES,H,COEFICIENTE DE REPRESENTATIVIDADE,"16,33",INSUMO,37373,SEGURO - HORISTA (COLETADO CAIXA),H,COLETADO,"1,0000000","0,07","0,07",,,,,,,,,,,,ENCARGOS COMPLEMENTARES REFERENCIAL
SERVICOS DIVERSOS,SEDI,OUTROS,318,,,88281,MOTORISTA DE BASCULANTE COM ENCARGOS COMPLEMENTARES,H,COEFICIENTE DE REPRESENTATIVIDADE,"16,33",INSUMO,43464,FERRAMENTAS - FAMILIA OPERADOR ESCAVADEIRA - HORISTA (ENCARGOS COMPLEMENTARES - COLETADO CAIXA),H,COLETADO,"1,0000000","0,01","0,01",,,,,,,,,,,,ENCARGOS COMPLEMENTARES REFERENCIAL
SERVICOS DIVERSOS,SEDI,OUTROS,318,,,88281,MOTORISTA DE BASCULANTE COM ENCARGOS COMPLEMENTARES,H,COEFICIENTE DE REPRESENTATIVIDADE,"16,33",INSUMO,43488,EPI - FAMILIA OPERADOR ESCAVADEIRA - HORISTA (ENCARGOS COMPLEMENTARES - COLETADO CAIXA),H,COLETADO,"1,0000000","0,66","0,66",,,,,,,,,,,,ENCARGOS COMPLEMENTARES REFERENCIAL
SERVICOS DIVERSOS,SEDI,OUTROS,318,,,88281,MOTORISTA DE BASCULANTE COM ENCARGOS COMPLEMENTARES,H,COEFICIENTE DE REPRESENTATIVIDADE,"16,33",COMPOSICAO,95346,CURSO DE CAPACITAÇÃO PARA MOTORISTA DE BASCULANTE (ENCARGOS COMPLEMENTARES) - HORISTA,H,COEFICIENTE DE REPRESENTATIVIDADE,"1,0000000","0,04","0,04",,,,,,,,,,,,ENCARGOS COMPLEMENTARES REFERENCIAL
CUSTOS HORÁRIOS DE MÁQUINAS E EQUIPAMENTOS,CHOR,COMPOSIÇÕES AUXILIARES,329,,,91380,"CAMINHÃO BASCULANTE 10 M3, TRUCADO CABINE SIMPLES, PESO BRUTO TOTAL 23.000 KG, CARGA ÚTIL MÁXIMA 15.935 KG, DISTÂNCIA ENTRE EIXOS 4,80 M, POTÊNCIA 230 CV INCLUSIVE CAÇAMBA METÁLICA - DEPRECIAÇÃO. AF_06/2014",H,COEFICIENTE DE REPRESENTATIVIDADE,"14,21",,,,,,,,,"0,00","0,0000000","0,00","0,0000000","14,21","100,0000000","0,00","0,0000000","0,00","0,0000000",0.00%,CAIXA REFERENCIAL
CUSTOS HORÁRIOS DE MÁQUINAS E EQUIPAMENTOS,CHOR,COMPOSIÇÕES AUXILIARES,329,,,91380,"CAMINHÃO BASCULANTE 10 M3, TRUCADO CABINE SIMPLES, PESO BRUTO TOTAL 23.000 KG, CARGA ÚTIL MÁXIMA 15.935 KG, DISTÂNCIA ENTRE EIXOS 4,80 M, POTÊNCIA 230 CV INCLUSIVE CAÇAMBA METÁLICA - DEPRECIAÇÃO. AF_06/2014",H,COEFICIENTE DE REPRESENTATIVIDADE,"14,21",INSUMO,37734,"CACAMBA METALICA BASCULANTE COM CAPACIDADE DE 10 M3 (INCLUI MONTAGEM, NAO INCLUI CAMINHAO)",UN,COEFICIENTE DE REPRESENTATIVIDADE,"0,0000400","38.783,49","1,55",,,,,,,,,,,,CAIXA REFERENCIAL
CUSTOS HORÁRIOS DE MÁQUINAS E EQUIPAMENTOS,CHOR,COMPOSIÇÕES AUXILIARES,329,,,91380,"CAMINHÃO BASCULANTE 10 M3, TRUCADO CABINE SIMPLES, PESO BRUTO TOTAL 23.000 KG, CARGA ÚTIL MÁXIMA 15.935 KG, DISTÂNCIA ENTRE EIXOS 4,80 M, POTÊNCIA 230 CV INCLUSIVE CAÇAMBA METÁLICA - DEPRECIAÇÃO. AF_06/2014",H,COEFICIENTE DE REPRESENTATIVIDADE,"14,21",INSUMO,37747,"CAMINHAO TRUCADO, PESO BRUTO TOTAL 23000 KG, CARGA UTIL MAXIMA 15935 KG, DISTANCIA ENTRE EIXOS 4,80 M, POTENCIA 230 CV (INCLUI CABINE E CHASSI, NAO INCLUI CARROCERIA)",UN,COEFICIENTE DE REPRESENTATIVIDADE,"0,0000400","316.734,71","12,66",,,,,,,,,,,,CAIXA REFERENCIAL
CUSTOS HORÁRIOS DE MÁQUINAS E EQUIPAMENTOS,CHOR,COMPOSIÇÕES AUXILIARES,329,,,91381,"CAMINHÃO BASCULANTE 10 M3, TRUCADO CABINE SIMPLES, PESO BRUTO TOTAL 23.000 KG, CARGA ÚTIL MÁXIMA 15.935 KG, DISTÂNCIA ENTRE EIXOS 4,80 M, POTÊNCIA 230 CV INCLUSIVE CAÇAMBA METÁLICA - JUROS. AF_06/2014",H,COEFICIENTE DE REPRESENTATIVIDADE,"2,62",,,,,,,,,"0,00","0,0000000","0,00","0,0000000","2,62","100,0000000","0,00","0,0000000","0,00","0,0000000",0.00%,CAIXA REFERENCIAL
CUSTOS HORÁRIOS DE MÁQUINAS E EQUIPAMENTOS,CHOR,COMPOSIÇÕES AUXILIARES,329,,,91381,"CAMINHÃO BASCULANTE 10 M3, TRUCADO CABINE SIMPLES, PESO BRUTO TOTAL 23.000 KG, CARGA ÚTIL MÁXIMA 15.935 KG, DISTÂNCIA ENTRE EIXOS 4,80 M, POTÊNCIA 230 CV INCLUSIVE CAÇAMBA METÁLICA - JUROS. AF_06/2014",H,COEFICIENTE DE REPRESENTATIVIDADE,"2,62",INSUMO,37734,"CACAMBA METALICA BASCULANTE COM CAPACIDADE DE 10 M3 (INCLUI MONTAGEM, NAO INCLUI CAMINHAO)",UN,COEFICIENTE DE REPRESENTATIVIDADE,"0,0000074","38.783,49","0,28",,,,,,,,,,,,CAIXA REFERENCIAL
CUSTOS HORÁRIOS DE MÁQUINAS E EQUIPAMENTOS,CHOR,COMPOSIÇÕES AUXILIARES,329,,,91381,"CAMINHÃO BASCULANTE 10 M3, TRUCADO CABINE SIMPLES, PESO BRUTO TOTAL 23.000 KG, CARGA ÚTIL MÁXIMA 15.935 KG, DISTÂNCIA ENTRE EIXOS 4,80 M, POTÊNCIA 230 CV INCLUSIVE CAÇAMBA METÁLICA - JUROS. AF_06/2014",H,COEFICIENTE DE REPRESENTATIVIDADE,"2,62",INSUMO,37747,"CAMINHAO TRUCADO, PESO BRUTO TOTAL 23000 KG, CARGA UTIL MAXIMA 15935 KG, DISTANCIA ENTRE EIXOS 4,80 M, POTENCIA 230 CV (INCLUI CABINE E CHASSI, NAO INCLUI CARROCERIA)",UN,COEFICIENTE DE REPRESENTATIVIDADE,"0,0000074","316.734,71","2,34",,,,,,,,,,,,CAIXA REFERENCIAL
CUSTOS HORÁRIOS DE MÁQUINAS E EQUIPAMENTOS,CHOR,COMPOSIÇÕES AUXILIARES,329,,,91382,"CAMINHÃO BASCULANTE 10 M3, TRUCADO CABINE SIMPLES, PESO BRUTO TOTAL 23.000 KG, CARGA ÚTIL MÁXIMA 15.935 KG, DISTÂNCIA ENTRE EIXOS 4,80 M, POTÊNCIA 230 CV INCLUSIVE CAÇAMBA METÁLICA - IMPOSTOS E SEGUROS. AF_06/2014",H,COEFICIENTE DE REPRESENTATIVIDADE,"1,02",,,,,,,,,"0,00","0,0000000","0,00","0,0000000","1,02","100,0000000","0,00","0,0000000","0,00","0,0000000",0.00%,CAIXA REFERENCIAL
CUSTOS HORÁRIOS DE MÁQUINAS E EQUIPAMENTOS,CHOR,COMPOSIÇÕES AUXILIARES,329,,,91382,"CAMINHÃO BASCULANTE 10 M3, TRUCADO CABINE SIMPLES, PESO BRUTO TOTAL 23.000 KG, CARGA ÚTIL MÁXIMA 15.935 KG, DISTÂNCIA ENTRE EIXOS 4,80 M, POTÊNCIA 230 CV INCLUSIVE CAÇAMBA METÁLICA - IMPOSTOS E SEGUROS. AF_06/2014",H,COEFICIENTE DE REPRESENTATIVIDADE,"1,02",INSUMO,37734,"CACAMBA METALICA BASCULANTE COM CAPACIDADE DE 10 M3 (INCLUI MONTAGEM, NAO INCLUI CAMINHAO)",UN,COEFICIENTE DE REPRESENTATIVIDADE,"0,0000029","38.783,49","0,11",,,,,,,,,,,,CAIXA REFERENCIAL
CUSTOS HORÁRIOS DE MÁQUINAS E EQUIPAMENTOS,CHOR,COMPOSIÇÕES AUXILIARES,329,,,91382,"CAMINHÃO BASCULANTE 10 M3, TRUCADO CABINE SIMPLES, PESO BRUTO TOTAL 23.000 KG, CARGA ÚTIL MÁXIMA 15.935 KG, DISTÂNCIA ENTRE EIXOS 4,80 M, POTÊNCIA 230 CV INCLUSIVE CAÇAMBA METÁLICA - IMPOSTOS E SEGUROS. AF_06/2014",H,COEFICIENTE DE REPRESENTATIVIDADE,"1,02",INSUMO,37747,"CAMINHAO TRUCADO, PESO BRUTO TOTAL 23000 KG, CARGA UTIL MAXIMA 15935 KG, DISTANCIA ENTRE EIXOS 4,80 M, POTENCIA 230 CV (INCLUI CABINE E CHASSI, NAO INCLUI CARROCERIA)",UN,COEFICIENTE DE REPRESENTATIVIDADE,"0,0000029","316.734,71","0,91",,,,,,,,,,,,CAIXA REFERENCIAL
SERVICOS PRELIMINARES,SERP,DEMOLICOES/RETIRADAS,14,,,97625,"DEMOLIÇÃO DE ALVENARIA PARA QUALQUER TIPO DE BLOCO, DE FORMA MECANIZADA, SEM REAPROVEITAMENTO. AF_12/2017",M3,COEFICIENTE DE REPRESENTATIVIDADE,"34,79",,,,,,,,,"6,65","19,1354466","11,74","33,7463976","16,40","47,1181558","0,00","0,0000000","0,00","0,0000000",0.00%,CAIXA REFERENCIAL
SERVICOS PRELIMINARES,SERP,DEMOLICOES/RETIRADAS,14,,,97625,"DEMOLIÇÃO DE ALVENARIA PARA QUALQUER TIPO DE BLOCO, DE FORMA MECANIZADA, SEM REAPROVEITAMENTO. AF_12/2017",M3,COEFICIENTE DE REPRESENTATIVIDADE,"34,79",COMPOSICAO,5940,"PÁ CARREGADEIRA SOBRE RODAS, POTÊNCIA LÍQUIDA 128 HP, CAPACIDADE DA CAÇAMBA 1,7 A 2,8 M3, PESO OPERACIONAL 11632 KG - CHP DIURNO. AF_06/2014",CHP,COEFICIENTE DE REPRESENTATIVIDADE,"0,2400000","118,46","28,43",,,,,,,,,,,,CAIXA REFERENCIAL
SERVICOS PRELIMINARES,SERP,DEMOLICOES/RETIRADAS,14,,,97625,"DEMOLIÇÃO DE ALVENARIA PARA QUALQUER TIPO DE BLOCO, DE FORMA MECANIZADA, SEM REAPROVEITAMENTO. AF_12/2017",M3,COEFICIENTE DE REPRESENTATIVIDADE,"34,79",COMPOSICAO,5942,"PÁ CARREGADEIRA SOBRE RODAS, POTÊNCIA LÍQUIDA 128 HP, CAPACIDADE DA CAÇAMBA 1,7 A 2,8 M3, PESO OPERACIONAL 11632 KG - CHI DIURNO. AF_06/2014",CHI,COEFICIENTE DE REPRESENTATIVIDADE,"0,1394000","45,68","6,36",,,,,,,,,,,,CAIXA REFERENCIAL
CUSTOS HORÁRIOS DE MÁQUINAS E EQUIPAMENTOS,CHOR,CUSTO HORÁRIO PRODUTIVO DIURNO,325,,,5940,"PÁ CARREGADEIRA SOBRE RODAS, POTÊNCIA LÍQUIDA 128 HP, CAPACIDADE DA CAÇAMBA 1,7 A 2,8 M3, PESO OPERACIONAL 11632 KG - CHP DIURNO. AF_06/2014",CHP,COEFICIENTE DE REPRESENTATIVIDADE,"118,46",,,,,,,,,"17,53","14,7982441","47,49","40,0894816","53,44","45,1122743","0,00","0,0000000","0,00","0,0000000",0.00%,CAIXA REFERENCIAL
CUSTOS HORÁRIOS DE MÁQUINAS E EQUIPAMENTOS,CHOR,CUSTO HORÁRIO PRODUTIVO DIURNO,325,,,5940,"PÁ CARREGADEIRA SOBRE RODAS, POTÊNCIA LÍQUIDA 128 HP, CAPACIDADE DA CAÇAMBA 1,7 A 2,8 M3, PESO OPERACIONAL 11632 KG - CHP DIURNO. AF_06/2014",CHP,COEFICIENTE DE REPRESENTATIVIDADE,"118,46",COMPOSICAO,53857,"PÁ CARREGADEIRA SOBRE RODAS, POTÊNCIA LÍQUIDA 128 HP, CAPACIDADE DA CAÇAMBA 1,7 A 2,8 M3, PESO OPERACIONAL 11632 KG - MANUTENÇÃO. AF_06/2014",H,COLETADO,"1,0000000","28,00","28,00",,,,,,,,,,,,CAIXA REFERENCIAL
CUSTOS HORÁRIOS DE MÁQUINAS E EQUIPAMENTOS,CHOR,CUSTO HORÁRIO PRODUTIVO DIURNO,325,,,5940,"PÁ CARREGADEIRA SOBRE RODAS, POTÊNCIA LÍQUIDA 128 HP, CAPACIDADE DA CAÇAMBA 1,7 A 2,8 M3, PESO OPERACIONAL 11632 KG - CHP DIURNO. AF_06/2014",CHP,COEFICIENTE DE REPRESENTATIVIDADE,"118,46",COMPOSICAO,53858,"PÁ CARREGADEIRA SOBRE RODAS, POTÊNCIA LÍQUIDA 128 HP, CAPACIDADE DA CAÇAMBA 1,7 A 2,8 M3, PESO OPERACIONAL 11632 KG - MATERIAIS NA OPERAÇÃO. AF_06/2014",H,COLETADO,"1,0000000","44,78","44,78",,,,,,,,,,,,CAIXA REFERENCIAL
CUSTOS HORÁRIOS DE MÁQUINAS E EQUIPAMENTOS,CHOR,CUSTO HORÁRIO PRODUTIVO DIURNO,325,,,5940,"PÁ CARREGADEIRA SOBRE RODAS, POTÊNCIA LÍQUIDA 128 HP, CAPACIDADE DA CAÇAMBA 1,7 A 2,8 M3, PESO OPERACIONAL 11632 KG - CHP DIURNO. AF_06/2014",CHP,COEFICIENTE DE REPRESENTATIVIDADE,"118,46",COMPOSICAO,88301,OPERADOR DE PÁ CARREGADEIRA COM ENCARGOS COMPLEMENTARES,H,COEFICIENTE DE REPRESENTATIVIDADE,"1,0000000","20,24","20,24",,,,,,,,,,,,CAIXA REFERENCIAL
CUSTOS HORÁRIOS DE MÁQUINAS E EQUIPAMENTOS,CHOR,CUSTO HORÁRIO PRODUTIVO DIURNO,325,,,5940,"PÁ CARREGADEIRA SOBRE RODAS, POTÊNCIA LÍQUIDA 128 HP, CAPACIDADE DA CAÇAMBA 1,7 A 2,8 M3, PESO OPERACIONAL 11632 KG - CHP DIURNO. AF_06/2014",CHP,COEFICIENTE DE REPRESENTATIVIDADE,"118,46",COMPOSICAO,89128,"PÁ CARREGADEIRA SOBRE RODAS, POTÊNCIA LÍQUIDA 128 HP, CAPACIDADE DA CAÇAMBA 1,7 A 2,8 M3, PESO OPERACIONAL 11632 KG - DEPRECIAÇÃO. AF_06/2014",H,COLETADO,"1,0000000","22,40","22,40",,,,,,,,,,,,CAIXA REFERENCIAL
CUSTOS HORÁRIOS DE MÁQUINAS E EQUIPAMENTOS,CHOR,CUSTO HORÁRIO PRODUTIVO DIURNO,325,,,5940,"PÁ CARREGADEIRA SOBRE RODAS, POTÊNCIA LÍQUIDA 128 HP, CAPACIDADE DA CAÇAMBA 1,7 A 2,8 M3, PESO OPERACIONAL 11632 KG - CHP DIURNO. AF_06/2014",CHP,COEFICIENTE DE REPRESENTATIVIDADE,"118,46",COMPOSICAO,89129,"PÁ CARREGADEIRA SOBRE RODAS, POTÊNCIA LÍQUIDA 128 HP, CAPACIDADE DA CAÇAMBA 1,7 A 2,8 M3, PESO OPERACIONAL 11632 KG - JUROS. AF_06/2014",H,COLETADO,"1,0000000","3,04","3,04",,,,,,,,,,,,CAIXA REFERENCIAL
CUSTOS HORÁRIOS DE MÁQUINAS E EQUIPAMENTOS,CHOR,COMPOSIÇÕES AUXILIARES,329,,,53857,"PÁ CARREGADEIRA SOBRE RODAS, POTÊNCIA LÍQUIDA 128 HP, CAPACIDADE DA CAÇAMBA 1,7 A 2,8 M3, PESO OPERACIONAL 11632 KG - MANUTENÇÃO. AF_06/2014",H,COLETADO,"28,00",,,,,,,,,"0,00","0,0000000","0,00","0,0000000","28,00","100,0000000","0,00","0,0000000","0,00","0,0000000",0.00%,CAIXA REFERENCIAL
CUSTOS HORÁRIOS DE MÁQUINAS E EQUIPAMENTOS,CHOR,COMPOSIÇÕES AUXILIARES,329,,,53857,"PÁ CARREGADEIRA SOBRE RODAS, POTÊNCIA LÍQUIDA 128 HP, CAPACIDADE DA CAÇAMBA 1,7 A 2,8 M3, PESO OPERACIONAL 11632 KG - MANUTENÇÃO. AF_06/2014",H,COLETADO,"28,00",INSUMO,4262,"PA CARREGADEIRA SOBRE RODAS, POTENCIA LIQUIDA 128 HP, CAPACIDADE DA CACAMBA DE 1,7 A 2,8 M3, PESO OPERACIONAL MAXIMO DE 11632 KG",UN,COLETADO,"0,0000700","400.000,00","28,00",,,,,,,,,,,,CAIXA REFERENCIAL
CUSTOS HORÁRIOS DE MÁQUINAS E EQUIPAMENTOS,CHOR,COMPOSIÇÕES AUXILIARES,329,,,53858,"PÁ CARREGADEIRA SOBRE RODAS, POTÊNCIA LÍQUIDA 128 HP, CAPACIDADE DA CAÇAMBA 1,7 A 2,8 M3, PESO OPERACIONAL 11632 KG - MATERIAIS NA OPERAÇÃO. AF_06/2014",H,COLETADO,"44,78",,,,,,,,,"0,00","0,0000000","44,78","100,0000000","0,00","0,0000000","0,00","0,0000000","0,00","0,0000000",0.00%,CAIXA REFERENCIAL
CUSTOS HORÁRIOS DE MÁQUINAS E EQUIPAMENTOS,CHOR,COMPOSIÇÕES AUXILIARES,329,,,53858,"PÁ CARREGADEIRA SOBRE RODAS, POTÊNCIA LÍQUIDA 128 HP, CAPACIDADE DA CAÇAMBA 1,7 A 2,8 M3, PESO OPERACIONAL 11632 KG - MATERIAIS NA OPERAÇÃO. AF_06/2014",H,COLETADO,"44,78",INSUMO,4221,OLEO DIESEL COMBUSTIVEL COMUM,L,COLETADO,"13,3700000","3,35","44,78",,,,,,,,,,,,CAIXA REFERENCIAL
SERVICOS DIVERSOS,SEDI,OUTROS,318,,,88301,OPERADOR DE PÁ CARREGADEIRA COM ENCARGOS COMPLEMENTARES,H,COEFICIENTE DE REPRESENTATIVIDADE,"20,24",,,,,,,,,"17,53","86,6106720","2,71","13,3893280","0,00","0,0000000","0,00","0,0000000","0,00","0,0000000",0.00%,ENCARGOS COMPLEMENTARES REFERENCIAL
SERVICOS DIVERSOS,SEDI,OUTROS,318,,,88301,OPERADOR DE PÁ CARREGADEIRA COM ENCARGOS COMPLEMENTARES,H,COEFICIENTE DE REPRESENTATIVIDADE,"20,24",INSUMO,4248,OPERADOR DE PA CARREGADEIRA,H,COEFICIENTE DE REPRESENTATIVIDADE,"1,0000000","17,44","17,44",,,,,,,,,,,,ENCARGOS COMPLEMENTARES REFERENCIAL
SERVICOS DIVERSOS,SEDI,OUTROS,318,,,88301,OPERADOR DE PÁ CARREGADEIRA COM ENCARGOS COMPLEMENTARES,H,COEFICIENTE DE REPRESENTATIVIDADE,"20,24",INSUMO,37370,ALIMENTACAO - HORISTA (COLETADO CAIXA),H,COLETADO,"1,0000000","0,82","0,82",,,,,,,,,,,,ENCARGOS COMPLEMENTARES REFERENCIAL
SERVICOS DIVERSOS,SEDI,OUTROS,318,,,88301,OPERADOR DE PÁ CARREGADEIRA COM ENCARGOS COMPLEMENTARES,H,COEFICIENTE DE REPRESENTATIVIDADE,"20,24",INSUMO,37371,TRANSPORTE - HORISTA (COLETADO CAIXA),H,COLETADO,"1,0000000","0,80","0,80",,,,,,,,,,,,ENCARGOS COMPLEMENTARES REFERENCIAL
SERVICOS DIVERSOS,SEDI,OUTROS,318,,,88301,OPERADOR DE PÁ CARREGADEIRA COM ENCARGOS COMPLEMENTARES,H,COEFICIENTE DE REPRESENTATIVIDADE,"20,24",INSUMO,37372,EXAMES - HORISTA (COLETADO CAIXA),H,COLETADO,"1,0000000","0,35","0,35",,,,,,,,,,,,ENCARGOS COMPLEMENTARES REFERENCIAL
SERVICOS DIVERSOS,SEDI,OUTROS,318,,,88301,OPERADOR DE PÁ CARREGADEIRA COM ENCARGOS COMPLEMENTARES,H,COEFICIENTE DE REPRESENTATIVIDADE,"20,24",INSUMO,37373,SEGURO - HORISTA (COLETADO CAIXA),H,COLETADO,"1,0000000","0,07","0,07",,,,,,,,,,,,ENCARGOS COMPLEMENTARES REFERENCIAL
SERVICOS DIVERSOS,SEDI,OUTROS,318,,,88301,OPERADOR DE PÁ CARREGADEIRA COM ENCARGOS COMPLEMENTARES,H,COEFICIENTE DE REPRESENTATIVIDADE,"20,24",INSUMO,43464,FERRAMENTAS - FAMILIA OPERADOR ESCAVADEIRA - HORISTA (ENCARGOS COMPLEMENTARES - COLETADO CAIXA),H,COLETADO,"1,0000000","0,01","0,01",,,,,,,,,,,,ENCARGOS COMPLEMENTARES REFERENCIAL
SERVICOS DIVERSOS,SEDI,OUTROS,318,,,88301,OPERADOR DE PÁ CARREGADEIRA COM ENCARGOS COMPLEMENTARES,H,COEFICIENTE DE REPRESENTATIVIDADE,"20,24",INSUMO,43488,EPI - FAMILIA OPERADOR ESCAVADEIRA - HORISTA (ENCARGOS COMPLEMENTARES - COLETADO CAIXA),H,COLETADO,"1,0000000","0,66","0,66",,,,,,,,,,,,ENCARGOS COMPLEMENTARES REFERENCIAL
SERVICOS DIVERSOS,SEDI,OUTROS,318,,,88301,OPERADOR DE PÁ CARREGADEIRA COM ENCARGOS COMPLEMENTARES,H,COEFICIENTE DE REPRESENTATIVIDADE,"20,24",COMPOSICAO,95364,CURSO DE CAPACITAÇÃO PARA OPERADOR DE PÁ CARREGADEIRA (ENCARGOS COMPLEMENTARES) - HORISTA,H,COEFICIENTE DE REPRESENTATIVIDADE,"1,0000000","0,09","0,09",,,,,,,,,,,,ENCARGOS COMPLEMENTARES REFERENCIAL
SERVICOS DIVERSOS,SEDI,OUTROS,318,,,95364,CURSO DE CAPACITAÇÃO PARA OPERADOR DE PÁ CARREGADEIRA (ENCARGOS COMPLEMENTARES) - HORISTA,H,COEFICIENTE DE REPRESENTATIVIDADE,"0,09",,,,,,,,,"0,09","100,0000000","0,00","0,0000000","0,00","0,0000000","0,00","0,0000000","0,00","0,0000000",0.00%,ENCARGOS COMPLEMENTARES REFERENCIAL
SERVICOS DIVERSOS,SEDI,OUTROS,318,,,95364,CURSO DE CAPACITAÇÃO PARA OPERADOR DE PÁ CARREGADEIRA (ENCARGOS COMPLEMENTARES) - HORISTA,H,COEFICIENTE DE REPRESENTATIVIDADE,"0,09",INSUMO,4248,OPERADOR DE PA CARREGADEIRA,H,COEFICIENTE DE REPRESENTATIVIDADE,"0,0057000","17,44","0,09",,,,,,,,,,,,ENCARGOS COMPLEMENTARES REFERENCIAL
CUSTOS HORÁRIOS DE MÁQUINAS E EQUIPAMENTOS,CHOR,COMPOSIÇÕES AUXILIARES,329,,,89128,"PÁ CARREGADEIRA SOBRE RODAS, POTÊNCIA LÍQUIDA 128 HP, CAPACIDADE DA CAÇAMBA 1,7 A 2,8 M3, PESO OPERACIONAL 11632 KG - DEPRECIAÇÃO. AF_06/2014",H,COLETADO,"22,40",,,,,,,,,"0,00","0,0000000","0,00","0,0000000","22,40","100,0000000","0,00","0,0000000","0,00","0,0000000",0.00%,CAIXA REFERENCIAL
CUSTOS HORÁRIOS DE MÁQUINAS E EQUIPAMENTOS,CHOR,COMPOSIÇÕES AUXILIARES,329,,,89128,"PÁ CARREGADEIRA SOBRE RODAS, POTÊNCIA LÍQUIDA 128 HP, CAPACIDADE DA CAÇAMBA 1,7 A 2,8 M3, PESO OPERACIONAL 11632 KG - DEPRECIAÇÃO. AF_06/2014",H,COLETADO,"22,40",INSUMO,4262,"PA CARREGADEIRA SOBRE RODAS, POTENCIA LIQUIDA 128 HP, CAPACIDADE DA CACAMBA DE 1,7 A 2,8 M3, PESO OPERACIONAL MAXIMO DE 11632 KG",UN,COLETADO,"0,0000560","400.000,00","22,40",,,,,,,,,,,,CAIXA REFERENCIAL
CUSTOS HORÁRIOS DE MÁQUINAS E EQUIPAMENTOS,CHOR,COMPOSIÇÕES AUXILIARES,329,,,89129,"PÁ CARREGADEIRA SOBRE RODAS, POTÊNCIA LÍQUIDA 128 HP, CAPACIDADE DA CAÇAMBA 1,7 A 2,8 M3, PESO OPERACIONAL 11632 KG - JUROS. AF_06/2014",H,COLETADO,"3,04",,,,,,,,,"0,00","0,0000000","0,00","0,0000000","3,04","100,0000000","0,00","0,0000000","0,00","0,0000000",0.00%,CAIXA REFERENCIAL
CUSTOS HORÁRIOS DE MÁQUINAS E EQUIPAMENTOS,CHOR,COMPOSIÇÕES AUXILIARES,329,,,89129,"PÁ CARREGADEIRA SOBRE RODAS, POTÊNCIA LÍQUIDA 128 HP, CAPACIDADE DA CAÇAMBA 1,7 A 2,8 M3, PESO OPERACIONAL 11632 KG - JUROS. AF_06/2014",H,COLETADO,"3,04",INSUMO,4262,"PA CARREGADEIRA SOBRE RODAS, POTENCIA LIQUIDA 128 HP, CAPACIDADE DA CACAMBA DE 1,7 A 2,8 M3, PESO OPERACIONAL MAXIMO DE 11632 KG",UN,COLETADO,"0,0000076","400.000,00","3,04",,,,,,,,,,,,CAIXA REFERENCIAL
CUSTOS HORÁRIOS DE MÁQUINAS E EQUIPAMENTOS,CHOR,CUSTO HORÁRIO IMPRODUTIVO DIURNO,327,,,5942,"PÁ CARREGADEIRA SOBRE RODAS, POTÊNCIA LÍQUIDA 128 HP, CAPACIDADE DA CAÇAMBA 1,7 A 2,8 M3, PESO OPERACIONAL 11632 KG - CHI DIURNO. AF_06/2014",CHI,COEFICIENTE DE REPRESENTATIVIDADE,"45,68",,,,,,,,,"17,53","38,3756567","2,71","5,9325744","25,44","55,6917689","0,00","0,0000000","0,00","0,0000000",0.00%,CAIXA REFERENCIAL
CUSTOS HORÁRIOS DE MÁQUINAS E EQUIPAMENTOS,CHOR,CUSTO HORÁRIO IMPRODUTIVO DIURNO,327,,,5942,"PÁ CARREGADEIRA SOBRE RODAS, POTÊNCIA LÍQUIDA 128 HP, CAPACIDADE DA CAÇAMBA 1,7 A 2,8 M3, PESO OPERACIONAL 11632 KG - CHI DIURNO. AF_06/2014",CHI,COEFICIENTE DE REPRESENTATIVIDADE,"45,68",COMPOSICAO,88301,OPERADOR DE PÁ CARREGADEIRA COM ENCARGOS COMPLEMENTARES,H,COEFICIENTE DE REPRESENTATIVIDADE,"1,0000000","20,24","20,24",,,,,,,,,,,,CAIXA REFERENCIAL
CUSTOS HORÁRIOS DE MÁQUINAS E EQUIPAMENTOS,CHOR,CUSTO HORÁRIO IMPRODUTIVO DIURNO,327,,,5942,"PÁ CARREGADEIRA SOBRE RODAS, POTÊNCIA LÍQUIDA 128 HP, CAPACIDADE DA CAÇAMBA 1,7 A 2,8 M3, PESO OPERACIONAL 11632 KG - CHI DIURNO. AF_06/2014",CHI,COEFICIENTE DE REPRESENTATIVIDADE,"45,68",COMPOSICAO,89128,"PÁ CARREGADEIRA SOBRE RODAS, POTÊNCIA LÍQUIDA 128 HP, CAPACIDADE DA CAÇAMBA 1,7 A 2,8 M3, PESO OPERACIONAL 11632 KG - DEPRECIAÇÃO. AF_06/2014",H,COLETADO,"1,0000000","22,40","22,40",,,,,,,,,,,,CAIXA REFERENCIAL
CUSTOS HORÁRIOS DE MÁQUINAS E EQUIPAMENTOS,CHOR,CUSTO HORÁRIO IMPRODUTIVO DIURNO,327,,,5942,"PÁ CARREGADEIRA SOBRE RODAS, POTÊNCIA LÍQUIDA 128 HP, CAPACIDADE DA CAÇAMBA 1,7 A 2,8 M3, PESO OPERACIONAL 11632 KG - CHI DIURNO. AF_06/2014",CHI,COEFICIENTE DE REPRESENTATIVIDADE,"45,68",COMPOSICAO,89129,"PÁ CARREGADEIRA SOBRE RODAS, POTÊNCIA LÍQUIDA 128 HP, CAPACIDADE DA CAÇAMBA 1,7 A 2,8 M3, PESO OPERACIONAL 11632 KG - JUROS. AF_06/2014",H,COLETADO,"1,0000000","3,04","3,04",,,,,,,,,,,,CAIXA REFERENCIAL
